config_id,family,c,gamma,fold,train_eer,validation_eer,validation_roc_auc,working_fmr,working_fnmr
logistic_regression__c_1e-07,logistic_regression,1e-07,,1,0.12046783625730995,0.10666666666666667,0.9654518518518518,0.008888888888888889,0.3244444444444444
logistic_regression__c_1e-06,logistic_regression,1e-06,,1,0.12046783625730995,0.10666666666666667,0.9654716049382716,0.008888888888888889,0.3244444444444444
logistic_regression__c_1e-05,logistic_regression,1e-05,,1,0.12046783625730995,0.10666666666666667,0.9655901234567901,0.008888888888888889,0.3244444444444444
linear_svm__c_1e-07,linear_svm,1e-07,,1,0.12046783625730995,0.10666666666666667,0.9654518518518518,0.008888888888888889,0.3244444444444444
linear_svm__c_1e-06,linear_svm,1e-06,,1,0.12046783625730995,0.10666666666666667,0.9654518518518518,0.008888888888888889,0.3244444444444444
linear_svm__c_1e-05,linear_svm,1e-05,,1,0.12046783625730995,0.10666666666666667,0.9654518518518518,0.008888888888888889,0.3244444444444444
rbf_svm__c_1e-07__gamma_0.001,rbf_svm,1e-07,0.001,1,0.12046783625730995,0.10666666666666667,0.9661037037037038,0.0044444444444444444,0.3244444444444444
rbf_svm__c_1e-07__gamma_0.01,rbf_svm,1e-07,0.01,1,0.12982456140350876,0.09333333333333334,0.9697975308641975,0.008888888888888889,0.29333333333333333
rbf_svm__c_1e-06__gamma_0.001,rbf_svm,1e-06,0.001,1,0.12046783625730995,0.10666666666666667,0.9661037037037038,0.0044444444444444444,0.3244444444444444
rbf_svm__c_1e-06__gamma_0.01,rbf_svm,1e-06,0.01,1,0.12982456140350876,0.09333333333333334,0.9697975308641975,0.008888888888888889,0.29333333333333333
rbf_svm__c_1e-05__gamma_0.001,rbf_svm,1e-05,0.001,1,0.12046783625730995,0.10666666666666667,0.9661037037037038,0.0044444444444444444,0.3244444444444444
rbf_svm__c_1e-05__gamma_0.01,rbf_svm,1e-05,0.01,1,0.12982456140350876,0.09333333333333334,0.9697975308641975,0.008888888888888889,0.29333333333333333
logistic_regression__c_1e-07,logistic_regression,1e-07,,2,0.12631578947368421,0.16,0.9268938271604938,0.008888888888888889,0.27111111111111114
logistic_regression__c_1e-06,logistic_regression,1e-06,,2,0.12631578947368421,0.16,0.9269728395061728,0.008888888888888889,0.27111111111111114
logistic_regression__c_1e-05,logistic_regression,1e-05,,2,0.12631578947368421,0.16,0.9276246913580247,0.008888888888888889,0.27111111111111114
linear_svm__c_1e-07,linear_svm,1e-07,,2,0.12631578947368421,0.16,0.9268938271604938,0.008888888888888889,0.27111111111111114
linear_svm__c_1e-06,linear_svm,1e-06,,2,0.12631578947368421,0.16,0.9268938271604938,0.008888888888888889,0.27111111111111114
linear_svm__c_1e-05,linear_svm,1e-05,,2,0.12631578947368421,0.16,0.9268938271604938,0.008888888888888889,0.27111111111111114
rbf_svm__c_1e-07__gamma_0.001,rbf_svm,1e-07,0.001,2,0.12514619883040937,0.1688888888888889,0.9250567901234569,0.008888888888888889,0.26666666666666666
rbf_svm__c_1e-07__gamma_0.01,rbf_svm,1e-07,0.01,2,0.1391812865497076,0.2,0.9071407407407406,0.008888888888888889,0.25333333333333335
rbf_svm__c_1e-06__gamma_0.001,rbf_svm,1e-06,0.001,2,0.12514619883040937,0.1688888888888889,0.9250567901234569,0.008888888888888889,0.26666666666666666
rbf_svm__c_1e-06__gamma_0.01,rbf_svm,1e-06,0.01,2,0.1391812865497076,0.2,0.9071407407407406,0.008888888888888889,0.25333333333333335
rbf_svm__c_1e-05__gamma_0.001,rbf_svm,1e-05,0.001,2,0.12514619883040937,0.1688888888888889,0.9250567901234569,0.008888888888888889,0.26666666666666666
rbf_svm__c_1e-05__gamma_0.01,rbf_svm,1e-05,0.01,2,0.1391812865497076,0.2,0.9071407407407406,0.008888888888888889,0.25333333333333335
logistic_regression__c_1e-07,logistic_regression,1e-07,,3,0.11345029239766082,0.09777777777777778,0.9683753086419753,0.008888888888888889,0.2088888888888889
logistic_regression__c_1e-06,logistic_regression,1e-06,,3,0.11345029239766082,0.09777777777777778,0.9683160493827161,0.008888888888888889,0.2088888888888889
logistic_regression__c_1e-05,logistic_regression,1e-05,,3,0.11228070175438597,0.09777777777777778,0.9679012345679012,0.008888888888888889,0.21333333333333335
linear_svm__c_1e-07,linear_svm,1e-07,,3,0.11345029239766082,0.09777777777777778,0.9683753086419753,0.008888888888888889,0.2088888888888889
linear_svm__c_1e-06,linear_svm,1e-06,,3,0.11345029239766082,0.09777777777777778,0.9683753086419753,0.008888888888888889,0.2088888888888889
linear_svm__c_1e-05,linear_svm,1e-05,,3,0.11345029239766082,0.09777777777777778,0.9683753086419753,0.008888888888888889,0.2088888888888889
rbf_svm__c_1e-07__gamma_0.001,rbf_svm,1e-07,0.001,3,0.11228070175438597,0.09777777777777778,0.9690074074074073,0.008888888888888889,0.20444444444444446
rbf_svm__c_1e-07__gamma_0.01,rbf_svm,1e-07,0.01,3,0.12046783625730995,0.10222222222222223,0.9739061728395062,0.008888888888888889,0.21333333333333335
rbf_svm__c_1e-06__gamma_0.001,rbf_svm,1e-06,0.001,3,0.11228070175438597,0.09777777777777778,0.9690074074074073,0.008888888888888889,0.20444444444444446
rbf_svm__c_1e-06__gamma_0.01,rbf_svm,1e-06,0.01,3,0.12046783625730995,0.10222222222222223,0.9739061728395062,0.008888888888888889,0.21333333333333335
rbf_svm__c_1e-05__gamma_0.001,rbf_svm,1e-05,0.001,3,0.11228070175438597,0.09777777777777778,0.9690074074074073,0.008888888888888889,0.20444444444444446
rbf_svm__c_1e-05__gamma_0.01,rbf_svm,1e-05,0.01,3,0.12046783625730995,0.10222222222222223,0.9739061728395062,0.008888888888888889,0.21333333333333335
logistic_regression__c_1e-07,logistic_regression,1e-07,,4,0.12982456140350876,0.14222222222222222,0.9410370370370371,0.0044444444444444444,0.5955555555555555
logistic_regression__c_1e-06,logistic_regression,1e-06,,4,0.12982456140350876,0.14222222222222222,0.9409777777777777,0.0044444444444444444,0.5955555555555555
logistic_regression__c_1e-05,logistic_regression,1e-05,,4,0.12982456140350876,0.14222222222222222,0.9406419753086419,0.0044444444444444444,0.5955555555555555
linear_svm__c_1e-07,linear_svm,1e-07,,4,0.12982456140350876,0.14222222222222222,0.9410370370370371,0.0044444444444444444,0.5955555555555555
linear_svm__c_1e-06,linear_svm,1e-06,,4,0.12982456140350876,0.14222222222222222,0.9410370370370371,0.0044444444444444444,0.5955555555555555
linear_svm__c_1e-05,linear_svm,1e-05,,4,0.12982456140350876,0.14222222222222222,0.9410370370370371,0.0044444444444444444,0.5955555555555555
rbf_svm__c_1e-07__gamma_0.001,rbf_svm,1e-07,0.001,4,0.13216374269005848,0.13777777777777778,0.9424395061728396,0.0044444444444444444,0.5911111111111111
rbf_svm__c_1e-07__gamma_0.01,rbf_svm,1e-07,0.01,4,0.13216374269005848,0.1288888888888889,0.9519802469135803,0.008888888888888889,0.48444444444444446
rbf_svm__c_1e-06__gamma_0.001,rbf_svm,1e-06,0.001,4,0.13216374269005848,0.13777777777777778,0.9424395061728396,0.0044444444444444444,0.5911111111111111
rbf_svm__c_1e-06__gamma_0.01,rbf_svm,1e-06,0.01,4,0.13216374269005848,0.1288888888888889,0.9519802469135803,0.008888888888888889,0.48444444444444446
rbf_svm__c_1e-05__gamma_0.001,rbf_svm,1e-05,0.001,4,0.13216374269005848,0.13777777777777778,0.9424395061728396,0.0044444444444444444,0.5911111111111111
rbf_svm__c_1e-05__gamma_0.01,rbf_svm,1e-05,0.01,4,0.13216374269005848,0.1288888888888889,0.9519802469135803,0.008888888888888889,0.48444444444444446
logistic_regression__c_1e-07,logistic_regression,1e-07,,5,0.1288888888888889,0.11666666666666667,0.9612037037037037,0.005555555555555556,0.3
logistic_regression__c_1e-06,logistic_regression,1e-06,,5,0.1288888888888889,0.11666666666666667,0.9611728395061728,0.005555555555555556,0.3
logistic_regression__c_1e-05,logistic_regression,1e-05,,5,0.1288888888888889,0.11666666666666667,0.9607098765432099,0.005555555555555556,0.3
linear_svm__c_1e-07,linear_svm,1e-07,,5,0.1288888888888889,0.11666666666666667,0.9612345679012346,0.005555555555555556,0.3
linear_svm__c_1e-06,linear_svm,1e-06,,5,0.1288888888888889,0.11666666666666667,0.9612345679012346,0.005555555555555556,0.3
linear_svm__c_1e-05,linear_svm,1e-05,,5,0.1288888888888889,0.11666666666666667,0.9612345679012346,0.005555555555555556,0.3
rbf_svm__c_1e-07__gamma_0.001,rbf_svm,1e-07,0.001,5,0.13,0.1111111111111111,0.9641666666666666,0.005555555555555556,0.28888888888888886
rbf_svm__c_1e-07__gamma_0.01,rbf_svm,1e-07,0.01,5,0.13777777777777778,0.09444444444444444,0.9784259259259259,0.005555555555555556,0.19444444444444445
rbf_svm__c_1e-06__gamma_0.001,rbf_svm,1e-06,0.001,5,0.13,0.1111111111111111,0.9641666666666666,0.005555555555555556,0.28888888888888886
rbf_svm__c_1e-06__gamma_0.01,rbf_svm,1e-06,0.01,5,0.13777777777777778,0.09444444444444444,0.9784259259259259,0.005555555555555556,0.19444444444444445
rbf_svm__c_1e-05__gamma_0.001,rbf_svm,1e-05,0.001,5,0.13,0.1111111111111111,0.9641666666666666,0.005555555555555556,0.28888888888888886
rbf_svm__c_1e-05__gamma_0.01,rbf_svm,1e-05,0.01,5,0.13777777777777778,0.09444444444444444,0.9784259259259259,0.005555555555555556,0.19444444444444445
