pair_id,left_index,right_index,left_path,right_path,left_identity,right_identity,target
0,318,388,s32/9.pgm,s39/9.pgm,32,39,0
1,130,132,s14/1.pgm,s14/3.pgm,14,14,1
2,388,389,s39/9.pgm,s39/10.pgm,39,39,1
3,349,356,s35/10.pgm,s36/7.pgm,35,36,0
4,45,47,s5/6.pgm,s5/8.pgm,5,5,1
5,252,255,s26/3.pgm,s26/6.pgm,26,26,1
6,5,58,s1/6.pgm,s6/9.pgm,1,6,0
7,211,243,s22/2.pgm,s25/4.pgm,22,25,0
8,210,231,s22/1.pgm,s24/2.pgm,22,24,0
9,301,306,s31/2.pgm,s31/7.pgm,31,31,1
10,334,337,s34/5.pgm,s34/8.pgm,34,34,1
11,145,149,s15/6.pgm,s15/10.pgm,15,15,1
12,3,228,s1/4.pgm,s23/9.pgm,1,23,0
13,23,213,s3/4.pgm,s22/4.pgm,3,22,0
14,230,356,s24/1.pgm,s36/7.pgm,24,36,0
15,243,245,s25/4.pgm,s25/6.pgm,25,25,1
16,242,249,s25/3.pgm,s25/10.pgm,25,25,1
17,341,344,s35/2.pgm,s35/5.pgm,35,35,1
18,135,236,s14/6.pgm,s24/7.pgm,14,24,0
19,138,139,s14/9.pgm,s14/10.pgm,14,14,1
20,48,236,s5/9.pgm,s24/7.pgm,5,24,0
21,54,56,s6/5.pgm,s6/7.pgm,6,6,1
22,303,306,s31/4.pgm,s31/7.pgm,31,31,1
23,282,288,s29/3.pgm,s29/9.pgm,29,29,1
24,228,345,s23/9.pgm,s35/6.pgm,23,35,0
25,20,241,s3/1.pgm,s25/2.pgm,3,25,0
26,124,259,s13/5.pgm,s26/10.pgm,13,26,0
27,74,75,s8/5.pgm,s8/6.pgm,8,8,1
28,76,340,s8/7.pgm,s35/1.pgm,8,35,0
29,321,324,s33/2.pgm,s33/5.pgm,33,33,1
30,310,330,s32/1.pgm,s34/1.pgm,32,34,0
31,283,286,s29/4.pgm,s29/7.pgm,29,29,1
32,5,257,s1/6.pgm,s26/8.pgm,1,26,0
33,356,389,s36/7.pgm,s39/10.pgm,36,39,0
34,114,146,s12/5.pgm,s15/7.pgm,12,15,0
35,322,328,s33/3.pgm,s33/9.pgm,33,33,1
36,73,319,s8/4.pgm,s32/10.pgm,8,32,0
37,133,139,s14/4.pgm,s14/10.pgm,14,14,1
38,125,126,s13/6.pgm,s13/7.pgm,13,13,1
39,52,233,s6/3.pgm,s24/4.pgm,6,24,0
40,323,328,s33/4.pgm,s33/9.pgm,33,33,1
41,224,227,s23/5.pgm,s23/8.pgm,23,23,1
42,229,335,s23/10.pgm,s34/6.pgm,23,34,0
43,302,303,s31/3.pgm,s31/4.pgm,31,31,1
44,260,265,s27/1.pgm,s27/6.pgm,27,27,1
45,112,354,s12/3.pgm,s36/5.pgm,12,36,0
46,260,350,s27/1.pgm,s36/1.pgm,27,36,0
47,24,29,s3/5.pgm,s3/10.pgm,3,3,1
48,73,78,s8/4.pgm,s8/9.pgm,8,8,1
49,8,289,s1/9.pgm,s29/10.pgm,1,29,0
50,238,305,s24/9.pgm,s31/6.pgm,24,31,0
51,336,339,s34/7.pgm,s34/10.pgm,34,34,1
52,138,269,s14/9.pgm,s27/10.pgm,14,27,0
53,61,120,s7/2.pgm,s13/1.pgm,7,13,0
54,210,211,s22/1.pgm,s22/2.pgm,22,22,1
55,256,259,s26/7.pgm,s26/10.pgm,26,26,1
56,63,69,s7/4.pgm,s7/10.pgm,7,7,1
57,241,246,s25/2.pgm,s25/7.pgm,25,25,1
58,226,243,s23/7.pgm,s25/4.pgm,23,25,0
59,117,132,s12/8.pgm,s14/3.pgm,12,14,0
60,321,326,s33/2.pgm,s33/7.pgm,33,33,1
61,132,135,s14/3.pgm,s14/6.pgm,14,14,1
62,122,124,s13/3.pgm,s13/5.pgm,13,13,1
63,225,227,s23/6.pgm,s23/8.pgm,23,23,1
64,110,384,s12/1.pgm,s39/5.pgm,12,39,0
65,149,350,s15/10.pgm,s36/1.pgm,15,36,0
66,215,238,s22/6.pgm,s24/9.pgm,22,24,0
67,45,235,s5/6.pgm,s24/6.pgm,5,24,0
68,217,387,s22/8.pgm,s39/8.pgm,22,39,0
69,3,6,s1/4.pgm,s1/7.pgm,1,1,1
70,260,383,s27/1.pgm,s39/4.pgm,27,39,0
71,63,67,s7/4.pgm,s7/8.pgm,7,7,1
72,56,337,s6/7.pgm,s34/8.pgm,6,34,0
73,124,351,s13/5.pgm,s36/2.pgm,13,36,0
74,231,232,s24/2.pgm,s24/3.pgm,24,24,1
75,111,383,s12/2.pgm,s39/4.pgm,12,39,0
76,240,243,s25/1.pgm,s25/4.pgm,25,25,1
77,143,352,s15/4.pgm,s36/3.pgm,15,36,0
78,302,356,s31/3.pgm,s36/7.pgm,31,36,0
79,55,132,s6/6.pgm,s14/3.pgm,6,14,0
80,236,238,s24/7.pgm,s24/9.pgm,24,24,1
81,231,233,s24/2.pgm,s24/4.pgm,24,24,1
82,231,239,s24/2.pgm,s24/10.pgm,24,24,1
83,135,347,s14/6.pgm,s35/8.pgm,14,35,0
84,135,314,s14/6.pgm,s32/5.pgm,14,32,0
85,215,287,s22/6.pgm,s29/8.pgm,22,29,0
86,224,226,s23/5.pgm,s23/7.pgm,23,23,1
87,67,68,s7/8.pgm,s7/9.pgm,7,7,1
88,7,311,s1/8.pgm,s32/2.pgm,1,32,0
89,355,357,s36/6.pgm,s36/8.pgm,36,36,1
90,45,285,s5/6.pgm,s29/6.pgm,5,29,0
91,24,250,s3/5.pgm,s26/1.pgm,3,26,0
92,220,225,s23/1.pgm,s23/6.pgm,23,23,1
93,54,57,s6/5.pgm,s6/8.pgm,6,6,1
94,254,257,s26/5.pgm,s26/8.pgm,26,26,1
95,71,339,s8/2.pgm,s34/10.pgm,8,34,0
96,25,59,s3/6.pgm,s6/10.pgm,3,6,0
97,122,146,s13/3.pgm,s15/7.pgm,13,15,0
98,79,319,s8/10.pgm,s32/10.pgm,8,32,0
99,49,263,s5/10.pgm,s27/4.pgm,5,27,0
100,255,334,s26/6.pgm,s34/5.pgm,26,34,0
101,258,283,s26/9.pgm,s29/4.pgm,26,29,0
102,143,257,s15/4.pgm,s26/8.pgm,15,26,0
103,64,68,s7/5.pgm,s7/9.pgm,7,7,1
104,245,249,s25/6.pgm,s25/10.pgm,25,25,1
105,233,315,s24/4.pgm,s32/6.pgm,24,32,0
106,56,127,s6/7.pgm,s13/8.pgm,6,13,0
107,233,238,s24/4.pgm,s24/9.pgm,24,24,1
108,65,70,s7/6.pgm,s8/1.pgm,7,8,0
109,312,355,s32/3.pgm,s36/6.pgm,32,36,0
110,3,8,s1/4.pgm,s1/9.pgm,1,1,1
111,71,230,s8/2.pgm,s24/1.pgm,8,24,0
112,232,235,s24/3.pgm,s24/6.pgm,24,24,1
113,215,217,s22/6.pgm,s22/8.pgm,22,22,1
114,64,331,s7/5.pgm,s34/2.pgm,7,34,0
115,143,267,s15/4.pgm,s27/8.pgm,15,27,0
116,124,125,s13/5.pgm,s13/6.pgm,13,13,1
117,120,127,s13/1.pgm,s13/8.pgm,13,13,1
118,133,211,s14/4.pgm,s22/2.pgm,14,22,0
119,122,123,s13/3.pgm,s13/4.pgm,13,13,1
120,20,26,s3/1.pgm,s3/7.pgm,3,3,1
121,260,328,s27/1.pgm,s33/9.pgm,27,33,0
122,71,259,s8/2.pgm,s26/10.pgm,8,26,0
123,380,389,s39/1.pgm,s39/10.pgm,39,39,1
124,120,126,s13/1.pgm,s13/7.pgm,13,13,1
125,54,225,s6/5.pgm,s23/6.pgm,6,23,0
126,255,259,s26/6.pgm,s26/10.pgm,26,26,1
127,28,59,s3/9.pgm,s6/10.pgm,3,6,0
128,1,2,s1/2.pgm,s1/3.pgm,1,1,1
129,380,381,s39/1.pgm,s39/2.pgm,39,39,1
130,72,77,s8/3.pgm,s8/8.pgm,8,8,1
131,134,386,s14/5.pgm,s39/7.pgm,14,39,0
132,300,303,s31/1.pgm,s31/4.pgm,31,31,1
133,42,245,s5/3.pgm,s25/6.pgm,5,25,0
134,385,389,s39/6.pgm,s39/10.pgm,39,39,1
135,332,336,s34/3.pgm,s34/7.pgm,34,34,1
136,23,116,s3/4.pgm,s12/7.pgm,3,12,0
137,213,219,s22/4.pgm,s22/10.pgm,22,22,1
138,243,247,s25/4.pgm,s25/8.pgm,25,25,1
139,217,261,s22/8.pgm,s27/2.pgm,22,27,0
140,306,308,s31/7.pgm,s31/9.pgm,31,31,1
141,142,144,s15/3.pgm,s15/5.pgm,15,15,1
142,330,333,s34/1.pgm,s34/4.pgm,34,34,1
143,240,241,s25/1.pgm,s25/2.pgm,25,25,1
144,241,244,s25/2.pgm,s25/5.pgm,25,25,1
145,57,358,s6/8.pgm,s36/9.pgm,6,36,0
146,0,9,s1/1.pgm,s1/10.pgm,1,1,1
147,136,300,s14/7.pgm,s31/1.pgm,14,31,0
148,284,359,s29/5.pgm,s36/10.pgm,29,36,0
149,381,385,s39/2.pgm,s39/6.pgm,39,39,1
150,41,47,s5/2.pgm,s5/8.pgm,5,5,1
151,40,48,s5/1.pgm,s5/9.pgm,5,5,1
152,263,388,s27/4.pgm,s39/9.pgm,27,39,0
153,235,264,s24/6.pgm,s27/5.pgm,24,27,0
154,380,387,s39/1.pgm,s39/8.pgm,39,39,1
155,311,319,s32/2.pgm,s32/10.pgm,32,32,1
156,230,239,s24/1.pgm,s24/10.pgm,24,24,1
157,283,289,s29/4.pgm,s29/10.pgm,29,29,1
158,216,238,s22/7.pgm,s24/9.pgm,22,24,0
159,25,27,s3/6.pgm,s3/8.pgm,3,3,1
160,123,265,s13/4.pgm,s27/6.pgm,13,27,0
161,241,243,s25/2.pgm,s25/4.pgm,25,25,1
162,335,337,s34/6.pgm,s34/8.pgm,34,34,1
163,304,306,s31/5.pgm,s31/7.pgm,31,31,1
164,225,380,s23/6.pgm,s39/1.pgm,23,39,0
165,254,269,s26/5.pgm,s27/10.pgm,26,27,0
166,223,224,s23/4.pgm,s23/5.pgm,23,23,1
167,146,226,s15/7.pgm,s23/7.pgm,15,23,0
168,250,389,s26/1.pgm,s39/10.pgm,26,39,0
169,77,114,s8/8.pgm,s12/5.pgm,8,12,0
170,20,380,s3/1.pgm,s39/1.pgm,3,39,0
171,230,323,s24/1.pgm,s33/4.pgm,24,33,0
172,23,27,s3/4.pgm,s3/8.pgm,3,3,1
173,74,78,s8/5.pgm,s8/9.pgm,8,8,1
174,301,315,s31/2.pgm,s32/6.pgm,31,32,0
175,234,236,s24/5.pgm,s24/7.pgm,24,24,1
176,40,237,s5/1.pgm,s24/8.pgm,5,24,0
177,22,77,s3/3.pgm,s8/8.pgm,3,8,0
178,225,229,s23/6.pgm,s23/10.pgm,23,23,1
179,284,325,s29/5.pgm,s33/6.pgm,29,33,0
180,213,337,s22/4.pgm,s34/8.pgm,22,34,0
181,250,251,s26/1.pgm,s26/2.pgm,26,26,1
182,281,285,s29/2.pgm,s29/6.pgm,29,29,1
183,137,211,s14/8.pgm,s22/2.pgm,14,22,0
184,42,69,s5/3.pgm,s7/10.pgm,5,7,0
185,51,52,s6/2.pgm,s6/3.pgm,6,6,1
186,123,256,s13/4.pgm,s26/7.pgm,13,26,0
187,141,143,s15/2.pgm,s15/4.pgm,15,15,1
188,263,311,s27/4.pgm,s32/2.pgm,27,32,0
189,41,42,s5/2.pgm,s5/3.pgm,5,5,1
190,339,357,s34/10.pgm,s36/8.pgm,34,36,0
191,247,355,s25/8.pgm,s36/6.pgm,25,36,0
192,29,332,s3/10.pgm,s34/3.pgm,3,34,0
193,338,389,s34/9.pgm,s39/10.pgm,34,39,0
194,210,214,s22/1.pgm,s22/5.pgm,22,22,1
195,148,321,s15/9.pgm,s33/2.pgm,15,33,0
196,119,256,s12/10.pgm,s26/7.pgm,12,26,0
197,219,336,s22/10.pgm,s34/7.pgm,22,34,0
198,346,349,s35/7.pgm,s35/10.pgm,35,35,1
199,264,267,s27/5.pgm,s27/8.pgm,27,27,1
200,231,236,s24/2.pgm,s24/7.pgm,24,24,1
201,7,228,s1/8.pgm,s23/9.pgm,1,23,0
202,65,112,s7/6.pgm,s12/3.pgm,7,12,0
203,54,77,s6/5.pgm,s8/8.pgm,6,8,0
204,219,385,s22/10.pgm,s39/6.pgm,22,39,0
205,262,328,s27/3.pgm,s33/9.pgm,27,33,0
206,211,212,s22/2.pgm,s22/3.pgm,22,22,1
207,259,335,s26/10.pgm,s34/6.pgm,26,34,0
208,222,228,s23/3.pgm,s23/9.pgm,23,23,1
209,41,141,s5/2.pgm,s15/2.pgm,5,15,0
210,244,330,s25/5.pgm,s34/1.pgm,25,34,0
211,110,241,s12/1.pgm,s25/2.pgm,12,25,0
212,20,329,s3/1.pgm,s33/10.pgm,3,33,0
213,110,114,s12/1.pgm,s12/5.pgm,12,12,1
214,318,319,s32/9.pgm,s32/10.pgm,32,32,1
215,260,263,s27/1.pgm,s27/4.pgm,27,27,1
216,284,287,s29/5.pgm,s29/8.pgm,29,29,1
217,113,338,s12/4.pgm,s34/9.pgm,12,34,0
218,386,389,s39/7.pgm,s39/10.pgm,39,39,1
219,242,261,s25/3.pgm,s27/2.pgm,25,27,0
220,230,235,s24/1.pgm,s24/6.pgm,24,24,1
221,131,325,s14/2.pgm,s33/6.pgm,14,33,0
222,230,307,s24/1.pgm,s31/8.pgm,24,31,0
223,4,8,s1/5.pgm,s1/9.pgm,1,1,1
224,23,51,s3/4.pgm,s6/2.pgm,3,6,0
225,244,386,s25/5.pgm,s39/7.pgm,25,39,0
226,61,64,s7/2.pgm,s7/5.pgm,7,7,1
227,240,319,s25/1.pgm,s32/10.pgm,25,32,0
228,325,328,s33/6.pgm,s33/9.pgm,33,33,1
229,147,336,s15/8.pgm,s34/7.pgm,15,34,0
230,50,53,s6/1.pgm,s6/4.pgm,6,6,1
231,112,349,s12/3.pgm,s35/10.pgm,12,35,0
232,79,328,s8/10.pgm,s33/9.pgm,8,33,0
233,47,326,s5/8.pgm,s33/7.pgm,5,33,0
234,21,22,s3/2.pgm,s3/3.pgm,3,3,1
235,225,262,s23/6.pgm,s27/3.pgm,23,27,0
236,67,230,s7/8.pgm,s24/1.pgm,7,24,0
237,281,282,s29/2.pgm,s29/3.pgm,29,29,1
238,260,261,s27/1.pgm,s27/2.pgm,27,27,1
239,332,349,s34/3.pgm,s35/10.pgm,34,35,0
240,147,149,s15/8.pgm,s15/10.pgm,15,15,1
241,73,254,s8/4.pgm,s26/5.pgm,8,26,0
242,111,113,s12/2.pgm,s12/4.pgm,12,12,1
243,111,114,s12/2.pgm,s12/5.pgm,12,12,1
244,65,116,s7/6.pgm,s12/7.pgm,7,12,0
245,227,255,s23/8.pgm,s26/6.pgm,23,26,0
246,288,381,s29/9.pgm,s39/2.pgm,29,39,0
247,0,5,s1/1.pgm,s1/6.pgm,1,1,1
248,3,78,s1/4.pgm,s8/9.pgm,1,8,0
249,42,147,s5/3.pgm,s15/8.pgm,5,15,0
250,345,346,s35/6.pgm,s35/7.pgm,35,35,1
251,212,219,s22/3.pgm,s22/10.pgm,22,22,1
252,355,385,s36/6.pgm,s39/6.pgm,36,39,0
253,140,147,s15/1.pgm,s15/8.pgm,15,15,1
254,287,288,s29/8.pgm,s29/9.pgm,29,29,1
255,350,358,s36/1.pgm,s36/9.pgm,36,36,1
256,327,328,s33/8.pgm,s33/9.pgm,33,33,1
257,40,59,s5/1.pgm,s6/10.pgm,5,6,0
258,227,288,s23/8.pgm,s29/9.pgm,23,29,0
259,71,76,s8/2.pgm,s8/7.pgm,8,8,1
260,47,259,s5/8.pgm,s26/10.pgm,5,26,0
261,73,346,s8/4.pgm,s35/7.pgm,8,35,0
262,338,355,s34/9.pgm,s36/6.pgm,34,36,0
263,65,66,s7/6.pgm,s7/7.pgm,7,7,1
264,310,389,s32/1.pgm,s39/10.pgm,32,39,0
265,24,26,s3/5.pgm,s3/7.pgm,3,3,1
266,247,249,s25/8.pgm,s25/10.pgm,25,25,1
267,119,331,s12/10.pgm,s34/2.pgm,12,34,0
268,5,123,s1/6.pgm,s13/4.pgm,1,13,0
269,110,112,s12/1.pgm,s12/3.pgm,12,12,1
270,242,260,s25/3.pgm,s27/1.pgm,25,27,0
271,23,123,s3/4.pgm,s13/4.pgm,3,13,0
272,28,286,s3/9.pgm,s29/7.pgm,3,29,0
273,239,265,s24/10.pgm,s27/6.pgm,24,27,0
274,44,323,s5/5.pgm,s33/4.pgm,5,33,0
275,320,322,s33/1.pgm,s33/3.pgm,33,33,1
276,41,324,s5/2.pgm,s33/5.pgm,5,33,0
277,253,258,s26/4.pgm,s26/9.pgm,26,26,1
278,46,48,s5/7.pgm,s5/9.pgm,5,5,1
279,230,237,s24/1.pgm,s24/8.pgm,24,24,1
280,252,256,s26/3.pgm,s26/7.pgm,26,26,1
281,40,217,s5/1.pgm,s22/8.pgm,5,22,0
282,305,306,s31/6.pgm,s31/7.pgm,31,31,1
283,251,308,s26/2.pgm,s31/9.pgm,26,31,0
284,40,47,s5/1.pgm,s5/8.pgm,5,5,1
285,63,65,s7/4.pgm,s7/6.pgm,7,7,1
286,120,124,s13/1.pgm,s13/5.pgm,13,13,1
287,121,123,s13/2.pgm,s13/4.pgm,13,13,1
288,53,112,s6/4.pgm,s12/3.pgm,6,12,0
289,61,68,s7/2.pgm,s7/9.pgm,7,7,1
290,340,343,s35/1.pgm,s35/4.pgm,35,35,1
291,245,247,s25/6.pgm,s25/8.pgm,25,25,1
292,8,114,s1/9.pgm,s12/5.pgm,1,12,0
293,385,386,s39/6.pgm,s39/7.pgm,39,39,1
294,117,304,s12/8.pgm,s31/5.pgm,12,31,0
295,230,233,s24/1.pgm,s24/4.pgm,24,24,1
296,64,66,s7/5.pgm,s7/7.pgm,7,7,1
297,65,334,s7/6.pgm,s34/5.pgm,7,34,0
298,2,54,s1/3.pgm,s6/5.pgm,1,6,0
299,77,337,s8/8.pgm,s34/8.pgm,8,34,0
300,315,319,s32/6.pgm,s32/10.pgm,32,32,1
301,122,128,s13/3.pgm,s13/9.pgm,13,13,1
302,334,335,s34/5.pgm,s34/6.pgm,34,34,1
303,144,149,s15/5.pgm,s15/10.pgm,15,15,1
304,284,285,s29/5.pgm,s29/6.pgm,29,29,1
305,251,259,s26/2.pgm,s26/10.pgm,26,26,1
306,282,283,s29/3.pgm,s29/4.pgm,29,29,1
307,134,329,s14/5.pgm,s33/10.pgm,14,33,0
308,45,48,s5/6.pgm,s5/9.pgm,5,5,1
309,142,143,s15/3.pgm,s15/4.pgm,15,15,1
310,342,347,s35/3.pgm,s35/8.pgm,35,35,1
311,234,380,s24/5.pgm,s39/1.pgm,24,39,0
312,65,352,s7/6.pgm,s36/3.pgm,7,36,0
313,72,79,s8/3.pgm,s8/10.pgm,8,8,1
314,41,350,s5/2.pgm,s36/1.pgm,5,36,0
315,48,49,s5/9.pgm,s5/10.pgm,5,5,1
316,228,381,s23/9.pgm,s39/2.pgm,23,39,0
317,240,245,s25/1.pgm,s25/6.pgm,25,25,1
318,261,269,s27/2.pgm,s27/10.pgm,27,27,1
319,4,259,s1/5.pgm,s26/10.pgm,1,26,0
320,29,148,s3/10.pgm,s15/9.pgm,3,15,0
321,54,239,s6/5.pgm,s24/10.pgm,6,24,0
322,137,243,s14/8.pgm,s25/4.pgm,14,25,0
323,50,51,s6/1.pgm,s6/2.pgm,6,6,1
324,136,138,s14/7.pgm,s14/9.pgm,14,14,1
325,132,280,s14/3.pgm,s29/1.pgm,14,29,0
326,143,359,s15/4.pgm,s36/10.pgm,15,36,0
327,287,315,s29/8.pgm,s32/6.pgm,29,32,0
328,116,119,s12/7.pgm,s12/10.pgm,12,12,1
329,59,226,s6/10.pgm,s23/7.pgm,6,23,0
330,341,346,s35/2.pgm,s35/7.pgm,35,35,1
331,136,388,s14/7.pgm,s39/9.pgm,14,39,0
332,222,223,s23/3.pgm,s23/4.pgm,23,23,1
333,3,65,s1/4.pgm,s7/6.pgm,1,7,0
334,239,282,s24/10.pgm,s29/3.pgm,24,29,0
335,344,354,s35/5.pgm,s36/5.pgm,35,36,0
336,123,240,s13/4.pgm,s25/1.pgm,13,25,0
337,50,54,s6/1.pgm,s6/5.pgm,6,6,1
338,78,149,s8/9.pgm,s15/10.pgm,8,15,0
339,149,323,s15/10.pgm,s33/4.pgm,15,33,0
340,59,322,s6/10.pgm,s33/3.pgm,6,33,0
341,110,354,s12/1.pgm,s36/5.pgm,12,36,0
342,40,43,s5/1.pgm,s5/4.pgm,5,5,1
343,347,349,s35/8.pgm,s35/10.pgm,35,35,1
344,315,317,s32/6.pgm,s32/8.pgm,32,32,1
345,284,312,s29/5.pgm,s32/3.pgm,29,32,0
346,53,54,s6/4.pgm,s6/5.pgm,6,6,1
347,1,6,s1/2.pgm,s1/7.pgm,1,1,1
348,51,146,s6/2.pgm,s15/7.pgm,6,15,0
349,380,383,s39/1.pgm,s39/4.pgm,39,39,1
350,314,315,s32/5.pgm,s32/6.pgm,32,32,1
351,117,119,s12/8.pgm,s12/10.pgm,12,12,1
352,52,285,s6/3.pgm,s29/6.pgm,6,29,0
353,130,137,s14/1.pgm,s14/8.pgm,14,14,1
354,284,286,s29/5.pgm,s29/7.pgm,29,29,1
355,283,287,s29/4.pgm,s29/8.pgm,29,29,1
356,333,359,s34/4.pgm,s36/10.pgm,34,36,0
357,215,234,s22/6.pgm,s24/5.pgm,22,24,0
358,331,334,s34/2.pgm,s34/5.pgm,34,34,1
359,22,341,s3/3.pgm,s35/2.pgm,3,35,0
360,249,343,s25/10.pgm,s35/4.pgm,25,35,0
361,141,147,s15/2.pgm,s15/8.pgm,15,15,1
362,242,247,s25/3.pgm,s25/8.pgm,25,25,1
363,122,127,s13/3.pgm,s13/8.pgm,13,13,1
364,133,138,s14/4.pgm,s14/9.pgm,14,14,1
365,217,219,s22/8.pgm,s22/10.pgm,22,22,1
366,242,245,s25/3.pgm,s25/6.pgm,25,25,1
367,74,110,s8/5.pgm,s12/1.pgm,8,12,0
368,135,137,s14/6.pgm,s14/8.pgm,14,14,1
369,224,347,s23/5.pgm,s35/8.pgm,23,35,0
370,74,79,s8/5.pgm,s8/10.pgm,8,8,1
371,285,289,s29/6.pgm,s29/10.pgm,29,29,1
372,7,8,s1/8.pgm,s1/9.pgm,1,1,1
373,237,256,s24/8.pgm,s26/7.pgm,24,26,0
374,263,267,s27/4.pgm,s27/8.pgm,27,27,1
375,211,305,s22/2.pgm,s31/6.pgm,22,31,0
376,325,350,s33/6.pgm,s36/1.pgm,33,36,0
377,127,336,s13/8.pgm,s34/7.pgm,13,34,0
378,110,119,s12/1.pgm,s12/10.pgm,12,12,1
379,70,79,s8/1.pgm,s8/10.pgm,8,8,1
380,49,132,s5/10.pgm,s14/3.pgm,5,14,0
381,251,254,s26/2.pgm,s26/5.pgm,26,26,1
382,312,319,s32/3.pgm,s32/10.pgm,32,32,1
383,144,242,s15/5.pgm,s25/3.pgm,15,25,0
384,211,213,s22/2.pgm,s22/4.pgm,22,22,1
385,135,139,s14/6.pgm,s14/10.pgm,14,14,1
386,333,336,s34/4.pgm,s34/7.pgm,34,34,1
387,310,319,s32/1.pgm,s32/10.pgm,32,32,1
388,126,223,s13/7.pgm,s23/4.pgm,13,23,0
389,77,79,s8/8.pgm,s8/10.pgm,8,8,1
390,54,211,s6/5.pgm,s22/2.pgm,6,22,0
391,220,228,s23/1.pgm,s23/9.pgm,23,23,1
392,141,148,s15/2.pgm,s15/9.pgm,15,15,1
393,249,306,s25/10.pgm,s31/7.pgm,25,31,0
394,115,146,s12/6.pgm,s15/7.pgm,12,15,0
395,347,348,s35/8.pgm,s35/9.pgm,35,35,1
396,327,345,s33/8.pgm,s35/6.pgm,33,35,0
397,58,79,s6/9.pgm,s8/10.pgm,6,8,0
398,345,348,s35/6.pgm,s35/9.pgm,35,35,1
399,252,254,s26/3.pgm,s26/5.pgm,26,26,1
400,67,122,s7/8.pgm,s13/3.pgm,7,13,0
401,138,357,s14/9.pgm,s36/8.pgm,14,36,0
402,227,243,s23/8.pgm,s25/4.pgm,23,25,0
403,59,218,s6/10.pgm,s22/9.pgm,6,22,0
404,28,212,s3/9.pgm,s22/3.pgm,3,22,0
405,285,286,s29/6.pgm,s29/7.pgm,29,29,1
406,76,77,s8/7.pgm,s8/8.pgm,8,8,1
407,41,348,s5/2.pgm,s35/9.pgm,5,35,0
408,123,334,s13/4.pgm,s34/5.pgm,13,34,0
409,130,233,s14/1.pgm,s24/4.pgm,14,24,0
410,268,269,s27/9.pgm,s27/10.pgm,27,27,1
411,3,221,s1/4.pgm,s23/2.pgm,1,23,0
412,114,125,s12/5.pgm,s13/6.pgm,12,13,0
413,21,25,s3/2.pgm,s3/6.pgm,3,3,1
414,128,129,s13/9.pgm,s13/10.pgm,13,13,1
415,20,226,s3/1.pgm,s23/7.pgm,3,23,0
416,6,116,s1/7.pgm,s12/7.pgm,1,12,0
417,62,67,s7/3.pgm,s7/8.pgm,7,7,1
418,111,260,s12/2.pgm,s27/1.pgm,12,27,0
419,20,118,s3/1.pgm,s12/9.pgm,3,12,0
420,66,219,s7/7.pgm,s22/10.pgm,7,22,0
421,64,69,s7/5.pgm,s7/10.pgm,7,7,1
422,0,233,s1/1.pgm,s24/4.pgm,1,24,0
423,4,144,s1/5.pgm,s15/5.pgm,1,15,0
424,65,67,s7/6.pgm,s7/8.pgm,7,7,1
425,213,215,s22/4.pgm,s22/6.pgm,22,22,1
426,146,212,s15/7.pgm,s22/3.pgm,15,22,0
427,247,280,s25/8.pgm,s29/1.pgm,25,29,0
428,281,289,s29/2.pgm,s29/10.pgm,29,29,1
429,124,283,s13/5.pgm,s29/4.pgm,13,29,0
430,60,282,s7/1.pgm,s29/3.pgm,7,29,0
431,26,28,s3/7.pgm,s3/9.pgm,3,3,1
432,218,219,s22/9.pgm,s22/10.pgm,22,22,1
433,50,72,s6/1.pgm,s8/3.pgm,6,8,0
434,1,8,s1/2.pgm,s1/9.pgm,1,1,1
435,113,330,s12/4.pgm,s34/1.pgm,12,34,0
436,312,318,s32/3.pgm,s32/9.pgm,32,32,1
437,147,247,s15/8.pgm,s25/8.pgm,15,25,0
438,322,326,s33/3.pgm,s33/7.pgm,33,33,1
439,49,111,s5/10.pgm,s12/2.pgm,5,12,0
440,20,125,s3/1.pgm,s13/6.pgm,3,13,0
441,78,354,s8/9.pgm,s36/5.pgm,8,36,0
442,23,26,s3/4.pgm,s3/7.pgm,3,3,1
443,123,128,s13/4.pgm,s13/9.pgm,13,13,1
444,111,117,s12/2.pgm,s12/8.pgm,12,12,1
445,1,9,s1/2.pgm,s1/10.pgm,1,1,1
446,280,289,s29/1.pgm,s29/10.pgm,29,29,1
447,131,328,s14/2.pgm,s33/9.pgm,14,33,0
448,5,8,s1/6.pgm,s1/9.pgm,1,1,1
449,112,115,s12/3.pgm,s12/6.pgm,12,12,1
450,225,226,s23/6.pgm,s23/7.pgm,23,23,1
451,261,267,s27/2.pgm,s27/8.pgm,27,27,1
452,140,145,s15/1.pgm,s15/6.pgm,15,15,1
453,21,305,s3/2.pgm,s31/6.pgm,3,31,0
454,126,148,s13/7.pgm,s15/9.pgm,13,15,0
455,142,316,s15/3.pgm,s32/7.pgm,15,32,0
456,251,257,s26/2.pgm,s26/8.pgm,26,26,1
457,137,139,s14/8.pgm,s14/10.pgm,14,14,1
458,43,47,s5/4.pgm,s5/8.pgm,5,5,1
459,263,264,s27/4.pgm,s27/5.pgm,27,27,1
460,131,246,s14/2.pgm,s25/7.pgm,14,25,0
461,114,116,s12/5.pgm,s12/7.pgm,12,12,1
462,248,255,s25/9.pgm,s26/6.pgm,25,26,0
463,4,132,s1/5.pgm,s14/3.pgm,1,14,0
464,72,332,s8/3.pgm,s34/3.pgm,8,34,0
465,64,65,s7/5.pgm,s7/6.pgm,7,7,1
466,317,332,s32/8.pgm,s34/3.pgm,32,34,0
467,344,345,s35/5.pgm,s35/6.pgm,35,35,1
468,45,123,s5/6.pgm,s13/4.pgm,5,13,0
469,5,319,s1/6.pgm,s32/10.pgm,1,32,0
470,126,305,s13/7.pgm,s31/6.pgm,13,31,0
471,60,334,s7/1.pgm,s34/5.pgm,7,34,0
472,387,388,s39/8.pgm,s39/9.pgm,39,39,1
473,74,114,s8/5.pgm,s12/5.pgm,8,12,0
474,74,220,s8/5.pgm,s23/1.pgm,8,23,0
475,23,354,s3/4.pgm,s36/5.pgm,3,36,0
476,144,147,s15/5.pgm,s15/8.pgm,15,15,1
477,54,266,s6/5.pgm,s27/7.pgm,6,27,0
478,251,258,s26/2.pgm,s26/9.pgm,26,26,1
479,221,229,s23/2.pgm,s23/10.pgm,23,23,1
480,343,349,s35/4.pgm,s35/10.pgm,35,35,1
481,41,345,s5/2.pgm,s35/6.pgm,5,35,0
482,300,304,s31/1.pgm,s31/5.pgm,31,31,1
483,60,68,s7/1.pgm,s7/9.pgm,7,7,1
484,143,325,s15/4.pgm,s33/6.pgm,15,33,0
485,144,285,s15/5.pgm,s29/6.pgm,15,29,0
486,120,128,s13/1.pgm,s13/9.pgm,13,13,1
487,212,218,s22/3.pgm,s22/9.pgm,22,22,1
488,383,388,s39/4.pgm,s39/9.pgm,39,39,1
489,351,358,s36/2.pgm,s36/9.pgm,36,36,1
490,113,266,s12/4.pgm,s27/7.pgm,12,27,0
491,130,134,s14/1.pgm,s14/5.pgm,14,14,1
492,52,348,s6/3.pgm,s35/9.pgm,6,35,0
493,311,314,s32/2.pgm,s32/5.pgm,32,32,1
494,357,359,s36/8.pgm,s36/10.pgm,36,36,1
495,324,328,s33/5.pgm,s33/9.pgm,33,33,1
496,2,4,s1/3.pgm,s1/5.pgm,1,1,1
497,226,235,s23/7.pgm,s24/6.pgm,23,24,0
498,310,311,s32/1.pgm,s32/2.pgm,32,32,1
499,122,387,s13/3.pgm,s39/8.pgm,13,39,0
500,230,232,s24/1.pgm,s24/3.pgm,24,24,1
501,354,356,s36/5.pgm,s36/7.pgm,36,36,1
502,54,216,s6/5.pgm,s22/7.pgm,6,22,0
503,210,259,s22/1.pgm,s26/10.pgm,22,26,0
504,133,134,s14/4.pgm,s14/5.pgm,14,14,1
505,118,356,s12/9.pgm,s36/7.pgm,12,36,0
506,74,351,s8/5.pgm,s36/2.pgm,8,36,0
507,300,306,s31/1.pgm,s31/7.pgm,31,31,1
508,352,356,s36/3.pgm,s36/7.pgm,36,36,1
509,7,131,s1/8.pgm,s14/2.pgm,1,14,0
510,121,125,s13/2.pgm,s13/6.pgm,13,13,1
511,141,145,s15/2.pgm,s15/6.pgm,15,15,1
512,336,337,s34/7.pgm,s34/8.pgm,34,34,1
513,237,343,s24/8.pgm,s35/4.pgm,24,35,0
514,43,49,s5/4.pgm,s5/10.pgm,5,5,1
515,144,254,s15/5.pgm,s26/5.pgm,15,26,0
516,286,334,s29/7.pgm,s34/5.pgm,29,34,0
517,60,65,s7/1.pgm,s7/6.pgm,7,7,1
518,241,389,s25/2.pgm,s39/10.pgm,25,39,0
519,0,2,s1/1.pgm,s1/3.pgm,1,1,1
520,351,353,s36/2.pgm,s36/4.pgm,36,36,1
521,2,75,s1/3.pgm,s8/6.pgm,1,8,0
522,22,23,s3/3.pgm,s3/4.pgm,3,3,1
523,66,344,s7/7.pgm,s35/5.pgm,7,35,0
524,329,337,s33/10.pgm,s34/8.pgm,33,34,0
525,281,284,s29/2.pgm,s29/5.pgm,29,29,1
526,130,285,s14/1.pgm,s29/6.pgm,14,29,0
527,212,350,s22/3.pgm,s36/1.pgm,22,36,0
528,222,334,s23/3.pgm,s34/5.pgm,23,34,0
529,52,385,s6/3.pgm,s39/6.pgm,6,39,0
530,47,138,s5/8.pgm,s14/9.pgm,5,14,0
531,382,384,s39/3.pgm,s39/5.pgm,39,39,1
532,49,239,s5/10.pgm,s24/10.pgm,5,24,0
533,49,262,s5/10.pgm,s27/3.pgm,5,27,0
534,45,46,s5/6.pgm,s5/7.pgm,5,5,1
535,144,230,s15/5.pgm,s24/1.pgm,15,24,0
536,320,327,s33/1.pgm,s33/8.pgm,33,33,1
537,333,334,s34/4.pgm,s34/5.pgm,34,34,1
538,0,3,s1/1.pgm,s1/4.pgm,1,1,1
539,210,317,s22/1.pgm,s32/8.pgm,22,32,0
540,111,112,s12/2.pgm,s12/3.pgm,12,12,1
541,282,286,s29/3.pgm,s29/7.pgm,29,29,1
542,58,243,s6/9.pgm,s25/4.pgm,6,25,0
543,306,349,s31/7.pgm,s35/10.pgm,31,35,0
544,69,330,s7/10.pgm,s34/1.pgm,7,34,0
545,216,219,s22/7.pgm,s22/10.pgm,22,22,1
546,21,282,s3/2.pgm,s29/3.pgm,3,29,0
547,222,280,s23/3.pgm,s29/1.pgm,23,29,0
548,282,287,s29/3.pgm,s29/8.pgm,29,29,1
549,128,252,s13/9.pgm,s26/3.pgm,13,26,0
550,281,347,s29/2.pgm,s35/8.pgm,29,35,0
551,143,233,s15/4.pgm,s24/4.pgm,15,24,0
552,130,281,s14/1.pgm,s29/2.pgm,14,29,0
553,355,358,s36/6.pgm,s36/9.pgm,36,36,1
554,356,386,s36/7.pgm,s39/7.pgm,36,39,0
555,40,319,s5/1.pgm,s32/10.pgm,5,32,0
556,310,313,s32/1.pgm,s32/4.pgm,32,32,1
557,121,126,s13/2.pgm,s13/7.pgm,13,13,1
558,310,317,s32/1.pgm,s32/8.pgm,32,32,1
559,62,388,s7/3.pgm,s39/9.pgm,7,39,0
560,147,267,s15/8.pgm,s27/8.pgm,15,27,0
561,23,25,s3/4.pgm,s3/6.pgm,3,3,1
562,257,259,s26/8.pgm,s26/10.pgm,26,26,1
563,288,303,s29/9.pgm,s31/4.pgm,29,31,0
564,260,269,s27/1.pgm,s27/10.pgm,27,27,1
565,47,49,s5/8.pgm,s5/10.pgm,5,5,1
566,57,58,s6/8.pgm,s6/9.pgm,6,6,1
567,57,261,s6/8.pgm,s27/2.pgm,6,27,0
568,117,382,s12/8.pgm,s39/3.pgm,12,39,0
569,48,283,s5/9.pgm,s29/4.pgm,5,29,0
570,281,287,s29/2.pgm,s29/8.pgm,29,29,1
571,20,25,s3/1.pgm,s3/6.pgm,3,3,1
572,232,239,s24/3.pgm,s24/10.pgm,24,24,1
573,235,265,s24/6.pgm,s27/6.pgm,24,27,0
574,70,71,s8/1.pgm,s8/2.pgm,8,8,1
575,67,69,s7/8.pgm,s7/10.pgm,7,7,1
576,214,316,s22/5.pgm,s32/7.pgm,22,32,0
577,56,57,s6/7.pgm,s6/8.pgm,6,6,1
578,4,227,s1/5.pgm,s23/8.pgm,1,23,0
579,342,353,s35/3.pgm,s36/4.pgm,35,36,0
580,262,269,s27/3.pgm,s27/10.pgm,27,27,1
581,310,382,s32/1.pgm,s39/3.pgm,32,39,0
582,301,303,s31/2.pgm,s31/4.pgm,31,31,1
583,282,285,s29/3.pgm,s29/6.pgm,29,29,1
584,239,312,s24/10.pgm,s32/3.pgm,24,32,0
585,223,318,s23/4.pgm,s32/9.pgm,23,32,0
586,70,76,s8/1.pgm,s8/7.pgm,8,8,1
587,58,326,s6/9.pgm,s33/7.pgm,6,33,0
588,43,213,s5/4.pgm,s22/4.pgm,5,22,0
589,285,288,s29/6.pgm,s29/9.pgm,29,29,1
590,322,358,s33/3.pgm,s36/9.pgm,33,36,0
591,218,261,s22/9.pgm,s27/2.pgm,22,27,0
592,63,66,s7/4.pgm,s7/7.pgm,7,7,1
593,322,324,s33/3.pgm,s33/5.pgm,33,33,1
594,4,6,s1/5.pgm,s1/7.pgm,1,1,1
595,383,389,s39/4.pgm,s39/10.pgm,39,39,1
596,139,217,s14/10.pgm,s22/8.pgm,14,22,0
597,237,239,s24/8.pgm,s24/10.pgm,24,24,1
598,72,75,s8/3.pgm,s8/6.pgm,8,8,1
599,304,348,s31/5.pgm,s35/9.pgm,31,35,0
600,2,3,s1/3.pgm,s1/4.pgm,1,1,1
601,346,388,s35/7.pgm,s39/9.pgm,35,39,0
602,41,227,s5/2.pgm,s23/8.pgm,5,23,0
603,253,257,s26/4.pgm,s26/8.pgm,26,26,1
604,265,280,s27/6.pgm,s29/1.pgm,27,29,0
605,344,349,s35/5.pgm,s35/10.pgm,35,35,1
606,239,261,s24/10.pgm,s27/2.pgm,24,27,0
607,264,319,s27/5.pgm,s32/10.pgm,27,32,0
608,244,351,s25/5.pgm,s36/2.pgm,25,36,0
609,70,259,s8/1.pgm,s26/10.pgm,8,26,0
610,77,130,s8/8.pgm,s14/1.pgm,8,14,0
611,147,241,s15/8.pgm,s25/2.pgm,15,25,0
612,113,115,s12/4.pgm,s12/6.pgm,12,12,1
613,65,69,s7/6.pgm,s7/10.pgm,7,7,1
614,50,312,s6/1.pgm,s32/3.pgm,6,32,0
615,76,325,s8/7.pgm,s33/6.pgm,8,33,0
616,112,119,s12/3.pgm,s12/10.pgm,12,12,1
617,356,357,s36/7.pgm,s36/8.pgm,36,36,1
618,24,28,s3/5.pgm,s3/9.pgm,3,3,1
619,124,129,s13/5.pgm,s13/10.pgm,13,13,1
620,7,388,s1/8.pgm,s39/9.pgm,1,39,0
621,133,149,s14/4.pgm,s15/10.pgm,14,15,0
622,231,305,s24/2.pgm,s31/6.pgm,24,31,0
623,135,380,s14/6.pgm,s39/1.pgm,14,39,0
624,236,287,s24/7.pgm,s29/8.pgm,24,29,0
625,127,128,s13/8.pgm,s13/9.pgm,13,13,1
626,28,47,s3/9.pgm,s5/8.pgm,3,5,0
627,340,345,s35/1.pgm,s35/6.pgm,35,35,1
628,244,249,s25/5.pgm,s25/10.pgm,25,25,1
629,70,121,s8/1.pgm,s13/2.pgm,8,13,0
630,112,281,s12/3.pgm,s29/2.pgm,12,29,0
631,2,6,s1/3.pgm,s1/7.pgm,1,1,1
632,226,229,s23/7.pgm,s23/10.pgm,23,23,1
633,125,129,s13/6.pgm,s13/10.pgm,13,13,1
634,227,351,s23/8.pgm,s36/2.pgm,23,36,0
635,243,330,s25/4.pgm,s34/1.pgm,25,34,0
636,328,383,s33/9.pgm,s39/4.pgm,33,39,0
637,129,239,s13/10.pgm,s24/10.pgm,13,24,0
638,113,118,s12/4.pgm,s12/9.pgm,12,12,1
639,242,388,s25/3.pgm,s39/9.pgm,25,39,0
640,43,313,s5/4.pgm,s32/4.pgm,5,32,0
641,41,234,s5/2.pgm,s24/5.pgm,5,24,0
642,48,56,s5/9.pgm,s6/7.pgm,5,6,0
643,266,267,s27/7.pgm,s27/8.pgm,27,27,1
644,384,388,s39/5.pgm,s39/9.pgm,39,39,1
645,254,256,s26/5.pgm,s26/7.pgm,26,26,1
646,62,64,s7/3.pgm,s7/5.pgm,7,7,1
647,4,7,s1/5.pgm,s1/8.pgm,1,1,1
648,51,55,s6/2.pgm,s6/6.pgm,6,6,1
649,256,258,s26/7.pgm,s26/9.pgm,26,26,1
650,284,288,s29/5.pgm,s29/9.pgm,29,29,1
651,40,41,s5/1.pgm,s5/2.pgm,5,5,1
652,262,267,s27/3.pgm,s27/8.pgm,27,27,1
653,343,346,s35/4.pgm,s35/7.pgm,35,35,1
654,46,49,s5/7.pgm,s5/10.pgm,5,5,1
655,341,343,s35/2.pgm,s35/4.pgm,35,35,1
656,222,359,s23/3.pgm,s36/10.pgm,23,36,0
657,8,29,s1/9.pgm,s3/10.pgm,1,3,0
658,250,253,s26/1.pgm,s26/4.pgm,26,26,1
659,57,326,s6/8.pgm,s33/7.pgm,6,33,0
660,62,69,s7/3.pgm,s7/10.pgm,7,7,1
661,70,78,s8/1.pgm,s8/9.pgm,8,8,1
662,3,265,s1/4.pgm,s27/6.pgm,1,27,0
663,75,78,s8/6.pgm,s8/9.pgm,8,8,1
664,135,230,s14/6.pgm,s24/1.pgm,14,24,0
665,385,388,s39/6.pgm,s39/9.pgm,39,39,1
666,70,75,s8/1.pgm,s8/6.pgm,8,8,1
667,69,79,s7/10.pgm,s8/10.pgm,7,8,0
668,224,313,s23/5.pgm,s32/4.pgm,23,32,0
669,240,249,s25/1.pgm,s25/10.pgm,25,25,1
670,114,117,s12/5.pgm,s12/8.pgm,12,12,1
671,118,141,s12/9.pgm,s15/2.pgm,12,15,0
672,75,77,s8/6.pgm,s8/8.pgm,8,8,1
673,263,330,s27/4.pgm,s34/1.pgm,27,34,0
674,56,64,s6/7.pgm,s7/5.pgm,6,7,0
675,266,304,s27/7.pgm,s31/5.pgm,27,31,0
676,258,348,s26/9.pgm,s35/9.pgm,26,35,0
677,307,308,s31/8.pgm,s31/9.pgm,31,31,1
678,280,385,s29/1.pgm,s39/6.pgm,29,39,0
679,246,248,s25/7.pgm,s25/9.pgm,25,25,1
680,20,27,s3/1.pgm,s3/8.pgm,3,3,1
681,287,385,s29/8.pgm,s39/6.pgm,29,39,0
682,353,355,s36/4.pgm,s36/6.pgm,36,36,1
683,220,230,s23/1.pgm,s24/1.pgm,23,24,0
684,306,309,s31/7.pgm,s31/10.pgm,31,31,1
685,313,315,s32/4.pgm,s32/6.pgm,32,32,1
686,132,139,s14/3.pgm,s14/10.pgm,14,14,1
687,304,307,s31/5.pgm,s31/8.pgm,31,31,1
688,252,301,s26/3.pgm,s31/2.pgm,26,31,0
689,125,127,s13/6.pgm,s13/8.pgm,13,13,1
690,51,53,s6/2.pgm,s6/4.pgm,6,6,1
691,244,247,s25/5.pgm,s25/8.pgm,25,25,1
692,240,247,s25/1.pgm,s25/8.pgm,25,25,1
693,117,356,s12/8.pgm,s36/7.pgm,12,36,0
694,2,222,s1/3.pgm,s23/3.pgm,1,23,0
695,125,147,s13/6.pgm,s15/8.pgm,13,15,0
696,73,79,s8/4.pgm,s8/10.pgm,8,8,1
697,350,355,s36/1.pgm,s36/6.pgm,36,36,1
698,136,356,s14/7.pgm,s36/7.pgm,14,36,0
699,329,345,s33/10.pgm,s35/6.pgm,33,35,0
700,130,138,s14/1.pgm,s14/9.pgm,14,14,1
701,130,135,s14/1.pgm,s14/6.pgm,14,14,1
702,110,350,s12/1.pgm,s36/1.pgm,12,36,0
703,239,319,s24/10.pgm,s32/10.pgm,24,32,0
704,318,355,s32/9.pgm,s36/6.pgm,32,36,0
705,114,231,s12/5.pgm,s24/2.pgm,12,24,0
706,135,146,s14/6.pgm,s15/7.pgm,14,15,0
707,381,387,s39/2.pgm,s39/8.pgm,39,39,1
708,51,57,s6/2.pgm,s6/8.pgm,6,6,1
709,253,256,s26/4.pgm,s26/7.pgm,26,26,1
710,353,357,s36/4.pgm,s36/8.pgm,36,36,1
711,138,304,s14/9.pgm,s31/5.pgm,14,31,0
712,227,306,s23/8.pgm,s31/7.pgm,23,31,0
713,262,268,s27/3.pgm,s27/9.pgm,27,27,1
714,328,329,s33/9.pgm,s33/10.pgm,33,33,1
715,29,241,s3/10.pgm,s25/2.pgm,3,25,0
716,221,222,s23/2.pgm,s23/3.pgm,23,23,1
717,20,351,s3/1.pgm,s36/2.pgm,3,36,0
718,130,139,s14/1.pgm,s14/10.pgm,14,14,1
719,73,316,s8/4.pgm,s32/7.pgm,8,32,0
720,223,228,s23/4.pgm,s23/9.pgm,23,23,1
721,115,255,s12/6.pgm,s26/6.pgm,12,26,0
722,322,327,s33/3.pgm,s33/8.pgm,33,33,1
723,228,305,s23/9.pgm,s31/6.pgm,23,31,0
724,29,237,s3/10.pgm,s24/8.pgm,3,24,0
725,342,343,s35/3.pgm,s35/4.pgm,35,35,1
726,54,384,s6/5.pgm,s39/5.pgm,6,39,0
727,22,24,s3/3.pgm,s3/5.pgm,3,3,1
728,267,269,s27/8.pgm,s27/10.pgm,27,27,1
729,311,380,s32/2.pgm,s39/1.pgm,32,39,0
730,228,308,s23/9.pgm,s31/9.pgm,23,31,0
731,288,318,s29/9.pgm,s32/9.pgm,29,32,0
732,211,282,s22/2.pgm,s29/3.pgm,22,29,0
733,117,147,s12/8.pgm,s15/8.pgm,12,15,0
734,321,322,s33/2.pgm,s33/3.pgm,33,33,1
735,27,64,s3/8.pgm,s7/5.pgm,3,7,0
736,286,289,s29/7.pgm,s29/10.pgm,29,29,1
737,235,237,s24/6.pgm,s24/8.pgm,24,24,1
738,321,329,s33/2.pgm,s33/10.pgm,33,33,1
739,60,355,s7/1.pgm,s36/6.pgm,7,36,0
740,24,241,s3/5.pgm,s25/2.pgm,3,25,0
741,305,309,s31/6.pgm,s31/10.pgm,31,31,1
742,327,329,s33/8.pgm,s33/10.pgm,33,33,1
743,140,146,s15/1.pgm,s15/7.pgm,15,15,1
744,323,325,s33/4.pgm,s33/6.pgm,33,33,1
745,44,141,s5/5.pgm,s15/2.pgm,5,15,0
746,380,388,s39/1.pgm,s39/9.pgm,39,39,1
747,310,318,s32/1.pgm,s32/9.pgm,32,32,1
748,123,281,s13/4.pgm,s29/2.pgm,13,29,0
749,7,136,s1/8.pgm,s14/7.pgm,1,14,0
750,334,336,s34/5.pgm,s34/7.pgm,34,34,1
751,43,323,s5/4.pgm,s33/4.pgm,5,33,0
752,304,329,s31/5.pgm,s33/10.pgm,31,33,0
753,303,308,s31/4.pgm,s31/9.pgm,31,31,1
754,311,317,s32/2.pgm,s32/8.pgm,32,32,1
755,7,29,s1/8.pgm,s3/10.pgm,1,3,0
756,58,221,s6/9.pgm,s23/2.pgm,6,23,0
757,210,219,s22/1.pgm,s22/10.pgm,22,22,1
758,117,135,s12/8.pgm,s14/6.pgm,12,14,0
759,27,249,s3/8.pgm,s25/10.pgm,3,25,0
760,222,383,s23/3.pgm,s39/4.pgm,23,39,0
761,55,147,s6/6.pgm,s15/8.pgm,6,15,0
762,4,288,s1/5.pgm,s29/9.pgm,1,29,0
763,5,6,s1/6.pgm,s1/7.pgm,1,1,1
764,212,289,s22/3.pgm,s29/10.pgm,22,29,0
765,309,389,s31/10.pgm,s39/10.pgm,31,39,0
766,261,263,s27/2.pgm,s27/4.pgm,27,27,1
767,380,385,s39/1.pgm,s39/6.pgm,39,39,1
768,44,48,s5/5.pgm,s5/9.pgm,5,5,1
769,64,307,s7/5.pgm,s31/8.pgm,7,31,0
770,67,354,s7/8.pgm,s36/5.pgm,7,36,0
771,225,334,s23/6.pgm,s34/5.pgm,23,34,0
772,212,216,s22/3.pgm,s22/7.pgm,22,22,1
773,214,216,s22/5.pgm,s22/7.pgm,22,22,1
774,220,322,s23/1.pgm,s33/3.pgm,23,33,0
775,59,335,s6/10.pgm,s34/6.pgm,6,34,0
776,141,313,s15/2.pgm,s32/4.pgm,15,32,0
777,142,220,s15/3.pgm,s23/1.pgm,15,23,0
778,65,261,s7/6.pgm,s27/2.pgm,7,27,0
779,49,139,s5/10.pgm,s14/10.pgm,5,14,0
780,142,212,s15/3.pgm,s22/3.pgm,15,22,0
781,340,341,s35/1.pgm,s35/2.pgm,35,35,1
782,222,225,s23/3.pgm,s23/6.pgm,23,23,1
783,211,264,s22/2.pgm,s27/5.pgm,22,27,0
784,385,387,s39/6.pgm,s39/8.pgm,39,39,1
785,67,149,s7/8.pgm,s15/10.pgm,7,15,0
786,69,216,s7/10.pgm,s22/7.pgm,7,22,0
787,119,129,s12/10.pgm,s13/10.pgm,12,13,0
788,118,223,s12/9.pgm,s23/4.pgm,12,23,0
789,350,354,s36/1.pgm,s36/5.pgm,36,36,1
790,325,346,s33/6.pgm,s35/7.pgm,33,35,0
791,221,280,s23/2.pgm,s29/1.pgm,23,29,0
792,327,344,s33/8.pgm,s35/5.pgm,33,35,0
793,131,138,s14/2.pgm,s14/9.pgm,14,14,1
794,250,256,s26/1.pgm,s26/7.pgm,26,26,1
795,41,44,s5/2.pgm,s5/5.pgm,5,5,1
796,20,21,s3/1.pgm,s3/2.pgm,3,3,1
797,332,337,s34/3.pgm,s34/8.pgm,34,34,1
798,131,139,s14/2.pgm,s14/10.pgm,14,14,1
799,215,321,s22/6.pgm,s33/2.pgm,22,33,0
800,223,226,s23/4.pgm,s23/7.pgm,23,23,1
801,74,224,s8/5.pgm,s23/5.pgm,8,23,0
802,331,335,s34/2.pgm,s34/6.pgm,34,34,1
803,27,269,s3/8.pgm,s27/10.pgm,3,27,0
804,22,29,s3/3.pgm,s3/10.pgm,3,3,1
805,288,289,s29/9.pgm,s29/10.pgm,29,29,1
806,211,215,s22/2.pgm,s22/6.pgm,22,22,1
807,231,234,s24/2.pgm,s24/5.pgm,24,24,1
808,286,335,s29/7.pgm,s34/6.pgm,29,34,0
809,7,357,s1/8.pgm,s36/8.pgm,1,36,0
810,228,355,s23/9.pgm,s36/6.pgm,23,36,0
811,352,359,s36/3.pgm,s36/10.pgm,36,36,1
812,350,359,s36/1.pgm,s36/10.pgm,36,36,1
813,383,385,s39/4.pgm,s39/6.pgm,39,39,1
814,45,249,s5/6.pgm,s25/10.pgm,5,25,0
815,123,126,s13/4.pgm,s13/7.pgm,13,13,1
816,246,249,s25/7.pgm,s25/10.pgm,25,25,1
817,353,359,s36/4.pgm,s36/10.pgm,36,36,1
818,0,4,s1/1.pgm,s1/5.pgm,1,1,1
819,249,287,s25/10.pgm,s29/8.pgm,25,29,0
820,302,314,s31/3.pgm,s32/5.pgm,31,32,0
821,243,336,s25/4.pgm,s34/7.pgm,25,34,0
822,42,49,s5/3.pgm,s5/10.pgm,5,5,1
823,1,4,s1/2.pgm,s1/5.pgm,1,1,1
824,21,28,s3/2.pgm,s3/9.pgm,3,3,1
825,301,305,s31/2.pgm,s31/6.pgm,31,31,1
826,330,331,s34/1.pgm,s34/2.pgm,34,34,1
827,250,259,s26/1.pgm,s26/10.pgm,26,26,1
828,302,309,s31/3.pgm,s31/10.pgm,31,31,1
829,43,44,s5/4.pgm,s5/5.pgm,5,5,1
830,50,119,s6/1.pgm,s12/10.pgm,6,12,0
831,23,147,s3/4.pgm,s15/8.pgm,3,15,0
832,306,307,s31/7.pgm,s31/8.pgm,31,31,1
833,211,218,s22/2.pgm,s22/9.pgm,22,22,1
834,24,60,s3/5.pgm,s7/1.pgm,3,7,0
835,42,45,s5/3.pgm,s5/6.pgm,5,5,1
836,320,323,s33/1.pgm,s33/4.pgm,33,33,1
837,74,359,s8/5.pgm,s36/10.pgm,8,36,0
838,333,335,s34/4.pgm,s34/6.pgm,34,34,1
839,63,380,s7/4.pgm,s39/1.pgm,7,39,0
840,147,239,s15/8.pgm,s24/10.pgm,15,24,0
841,0,335,s1/1.pgm,s34/6.pgm,1,34,0
842,137,213,s14/8.pgm,s22/4.pgm,14,22,0
843,341,347,s35/2.pgm,s35/8.pgm,35,35,1
844,355,356,s36/6.pgm,s36/7.pgm,36,36,1
845,239,327,s24/10.pgm,s33/8.pgm,24,33,0
846,29,135,s3/10.pgm,s14/6.pgm,3,14,0
847,243,246,s25/4.pgm,s25/7.pgm,25,25,1
848,308,386,s31/9.pgm,s39/7.pgm,31,39,0
849,345,349,s35/6.pgm,s35/10.pgm,35,35,1
850,77,78,s8/8.pgm,s8/9.pgm,8,8,1
851,71,380,s8/2.pgm,s39/1.pgm,8,39,0
852,5,255,s1/6.pgm,s26/6.pgm,1,26,0
853,137,138,s14/8.pgm,s14/9.pgm,14,14,1
854,0,144,s1/1.pgm,s15/5.pgm,1,15,0
855,210,232,s22/1.pgm,s24/3.pgm,22,24,0
856,69,70,s7/10.pgm,s8/1.pgm,7,8,0
857,263,269,s27/4.pgm,s27/10.pgm,27,27,1
858,221,265,s23/2.pgm,s27/6.pgm,23,27,0
859,383,386,s39/4.pgm,s39/7.pgm,39,39,1
860,46,244,s5/7.pgm,s25/5.pgm,5,25,0
861,26,137,s3/7.pgm,s14/8.pgm,3,14,0
862,120,340,s13/1.pgm,s35/1.pgm,13,35,0
863,340,347,s35/1.pgm,s35/8.pgm,35,35,1
864,382,389,s39/3.pgm,s39/10.pgm,39,39,1
865,3,4,s1/4.pgm,s1/5.pgm,1,1,1
866,351,356,s36/2.pgm,s36/7.pgm,36,36,1
867,254,258,s26/5.pgm,s26/9.pgm,26,26,1
868,255,332,s26/6.pgm,s34/3.pgm,26,34,0
869,60,259,s7/1.pgm,s26/10.pgm,7,26,0
870,325,327,s33/6.pgm,s33/8.pgm,33,33,1
871,252,257,s26/3.pgm,s26/8.pgm,26,26,1
872,143,330,s15/4.pgm,s34/1.pgm,15,34,0
873,116,118,s12/7.pgm,s12/9.pgm,12,12,1
874,62,354,s7/3.pgm,s36/5.pgm,7,36,0
875,223,227,s23/4.pgm,s23/8.pgm,23,23,1
876,248,357,s25/9.pgm,s36/8.pgm,25,36,0
877,246,321,s25/7.pgm,s33/2.pgm,25,33,0
878,304,308,s31/5.pgm,s31/9.pgm,31,31,1
879,353,358,s36/4.pgm,s36/9.pgm,36,36,1
880,126,149,s13/7.pgm,s15/10.pgm,13,15,0
881,229,307,s23/10.pgm,s31/8.pgm,23,31,0
882,78,335,s8/9.pgm,s34/6.pgm,8,34,0
883,327,380,s33/8.pgm,s39/1.pgm,33,39,0
884,314,319,s32/5.pgm,s32/10.pgm,32,32,1
885,341,348,s35/2.pgm,s35/9.pgm,35,35,1
886,263,265,s27/4.pgm,s27/6.pgm,27,27,1
887,112,114,s12/3.pgm,s12/5.pgm,12,12,1
888,338,339,s34/9.pgm,s34/10.pgm,34,34,1
889,110,313,s12/1.pgm,s32/4.pgm,12,32,0
890,236,250,s24/7.pgm,s26/1.pgm,24,26,0
891,323,327,s33/4.pgm,s33/8.pgm,33,33,1
892,3,7,s1/4.pgm,s1/8.pgm,1,1,1
893,285,387,s29/6.pgm,s39/8.pgm,29,39,0
894,227,228,s23/8.pgm,s23/9.pgm,23,23,1
895,144,146,s15/5.pgm,s15/7.pgm,15,15,1
896,112,235,s12/3.pgm,s24/6.pgm,12,24,0
897,231,322,s24/2.pgm,s33/3.pgm,24,33,0
898,59,264,s6/10.pgm,s27/5.pgm,6,27,0
899,320,324,s33/1.pgm,s33/5.pgm,33,33,1
900,9,300,s1/10.pgm,s31/1.pgm,1,31,0
901,236,256,s24/7.pgm,s26/7.pgm,24,26,0
902,51,56,s6/2.pgm,s6/7.pgm,6,6,1
903,224,229,s23/5.pgm,s23/10.pgm,23,23,1
904,384,387,s39/5.pgm,s39/8.pgm,39,39,1
905,216,217,s22/7.pgm,s22/8.pgm,22,22,1
906,218,354,s22/9.pgm,s36/5.pgm,22,36,0
907,29,247,s3/10.pgm,s25/8.pgm,3,25,0
908,262,265,s27/3.pgm,s27/6.pgm,27,27,1
909,256,257,s26/7.pgm,s26/8.pgm,26,26,1
910,128,256,s13/9.pgm,s26/7.pgm,13,26,0
911,286,288,s29/7.pgm,s29/9.pgm,29,29,1
912,40,72,s5/1.pgm,s8/3.pgm,5,8,0
913,43,48,s5/4.pgm,s5/9.pgm,5,5,1
914,74,118,s8/5.pgm,s12/9.pgm,8,12,0
915,146,237,s15/7.pgm,s24/8.pgm,15,24,0
916,265,310,s27/6.pgm,s32/1.pgm,27,32,0
917,266,268,s27/7.pgm,s27/9.pgm,27,27,1
918,236,237,s24/7.pgm,s24/8.pgm,24,24,1
919,28,319,s3/9.pgm,s32/10.pgm,3,32,0
920,60,62,s7/1.pgm,s7/3.pgm,7,7,1
921,41,280,s5/2.pgm,s29/1.pgm,5,29,0
922,56,219,s6/7.pgm,s22/10.pgm,6,22,0
923,231,238,s24/2.pgm,s24/9.pgm,24,24,1
924,79,323,s8/10.pgm,s33/4.pgm,8,33,0
925,111,339,s12/2.pgm,s34/10.pgm,12,34,0
926,146,267,s15/7.pgm,s27/8.pgm,15,27,0
927,132,284,s14/3.pgm,s29/5.pgm,14,29,0
928,382,387,s39/3.pgm,s39/8.pgm,39,39,1
929,242,254,s25/3.pgm,s26/5.pgm,25,26,0
930,0,7,s1/1.pgm,s1/8.pgm,1,1,1
931,386,388,s39/7.pgm,s39/9.pgm,39,39,1
932,140,341,s15/1.pgm,s35/2.pgm,15,35,0
933,223,307,s23/4.pgm,s31/8.pgm,23,31,0
934,61,63,s7/2.pgm,s7/4.pgm,7,7,1
935,235,242,s24/6.pgm,s25/3.pgm,24,25,0
936,48,234,s5/9.pgm,s24/5.pgm,5,24,0
937,59,213,s6/10.pgm,s22/4.pgm,6,22,0
938,341,349,s35/2.pgm,s35/10.pgm,35,35,1
939,344,348,s35/5.pgm,s35/9.pgm,35,35,1
940,314,316,s32/5.pgm,s32/7.pgm,32,32,1
941,232,234,s24/3.pgm,s24/5.pgm,24,24,1
942,117,136,s12/8.pgm,s14/7.pgm,12,14,0
943,222,227,s23/3.pgm,s23/8.pgm,23,23,1
944,122,225,s13/3.pgm,s23/6.pgm,13,23,0
945,130,352,s14/1.pgm,s36/3.pgm,14,36,0
946,68,69,s7/9.pgm,s7/10.pgm,7,7,1
947,126,128,s13/7.pgm,s13/9.pgm,13,13,1
948,6,330,s1/7.pgm,s34/1.pgm,1,34,0
949,120,121,s13/1.pgm,s13/2.pgm,13,13,1
950,116,381,s12/7.pgm,s39/2.pgm,12,39,0
951,230,236,s24/1.pgm,s24/7.pgm,24,24,1
952,138,260,s14/9.pgm,s27/1.pgm,14,27,0
953,64,67,s7/5.pgm,s7/8.pgm,7,7,1
954,123,222,s13/4.pgm,s23/3.pgm,13,23,0
955,333,339,s34/4.pgm,s34/10.pgm,34,34,1
956,4,251,s1/5.pgm,s26/2.pgm,1,26,0
957,110,125,s12/1.pgm,s13/6.pgm,12,13,0
958,77,300,s8/8.pgm,s31/1.pgm,8,31,0
959,6,7,s1/7.pgm,s1/8.pgm,1,1,1
960,250,252,s26/1.pgm,s26/3.pgm,26,26,1
961,344,346,s35/5.pgm,s35/7.pgm,35,35,1
962,128,385,s13/9.pgm,s39/6.pgm,13,39,0
963,280,283,s29/1.pgm,s29/4.pgm,29,29,1
964,311,312,s32/2.pgm,s32/3.pgm,32,32,1
965,301,339,s31/2.pgm,s34/10.pgm,31,34,0
966,353,356,s36/4.pgm,s36/7.pgm,36,36,1
967,60,63,s7/1.pgm,s7/4.pgm,7,7,1
968,321,327,s33/2.pgm,s33/8.pgm,33,33,1
969,213,303,s22/4.pgm,s31/4.pgm,22,31,0
970,119,312,s12/10.pgm,s32/3.pgm,12,32,0
971,351,357,s36/2.pgm,s36/8.pgm,36,36,1
972,112,239,s12/3.pgm,s24/10.pgm,12,24,0
973,126,127,s13/7.pgm,s13/8.pgm,13,13,1
974,381,383,s39/2.pgm,s39/4.pgm,39,39,1
975,310,314,s32/1.pgm,s32/5.pgm,32,32,1
976,260,268,s27/1.pgm,s27/9.pgm,27,27,1
977,340,349,s35/1.pgm,s35/10.pgm,35,35,1
978,326,329,s33/7.pgm,s33/10.pgm,33,33,1
979,64,126,s7/5.pgm,s13/7.pgm,7,13,0
980,266,306,s27/7.pgm,s31/7.pgm,27,31,0
981,333,337,s34/4.pgm,s34/8.pgm,34,34,1
982,131,304,s14/2.pgm,s31/5.pgm,14,31,0
983,217,289,s22/8.pgm,s29/10.pgm,22,29,0
984,46,136,s5/7.pgm,s14/7.pgm,5,14,0
985,133,257,s14/4.pgm,s26/8.pgm,14,26,0
986,137,219,s14/8.pgm,s22/10.pgm,14,22,0
987,21,23,s3/2.pgm,s3/4.pgm,3,3,1
988,130,242,s14/1.pgm,s25/3.pgm,14,25,0
989,74,237,s8/5.pgm,s24/8.pgm,8,24,0
990,129,381,s13/10.pgm,s39/2.pgm,13,39,0
991,60,343,s7/1.pgm,s35/4.pgm,7,35,0
992,8,72,s1/9.pgm,s8/3.pgm,1,8,0
993,315,318,s32/6.pgm,s32/9.pgm,32,32,1
994,7,389,s1/8.pgm,s39/10.pgm,1,39,0
995,225,228,s23/6.pgm,s23/9.pgm,23,23,1
996,313,318,s32/4.pgm,s32/9.pgm,32,32,1
997,55,337,s6/6.pgm,s34/8.pgm,6,34,0
998,118,313,s12/9.pgm,s32/4.pgm,12,32,0
999,56,220,s6/7.pgm,s23/1.pgm,6,23,0
1000,63,68,s7/4.pgm,s7/9.pgm,7,7,1
1001,41,313,s5/2.pgm,s32/4.pgm,5,32,0
1002,29,282,s3/10.pgm,s29/3.pgm,3,29,0
1003,112,358,s12/3.pgm,s36/9.pgm,12,36,0
1004,308,351,s31/9.pgm,s36/2.pgm,31,36,0
1005,334,388,s34/5.pgm,s39/9.pgm,34,39,0
1006,238,359,s24/9.pgm,s36/10.pgm,24,36,0
1007,343,345,s35/4.pgm,s35/6.pgm,35,35,1
1008,213,288,s22/4.pgm,s29/9.pgm,22,29,0
1009,332,335,s34/3.pgm,s34/6.pgm,34,34,1
1010,382,383,s39/3.pgm,s39/4.pgm,39,39,1
1011,5,235,s1/6.pgm,s24/6.pgm,1,24,0
1012,248,349,s25/9.pgm,s35/10.pgm,25,35,0
1013,340,344,s35/1.pgm,s35/5.pgm,35,35,1
1014,28,111,s3/9.pgm,s12/2.pgm,3,12,0
1015,143,146,s15/4.pgm,s15/7.pgm,15,15,1
1016,22,25,s3/3.pgm,s3/6.pgm,3,3,1
1017,5,387,s1/6.pgm,s39/8.pgm,1,39,0
1018,144,286,s15/5.pgm,s29/7.pgm,15,29,0
1019,73,110,s8/4.pgm,s12/1.pgm,8,12,0
1020,146,149,s15/7.pgm,s15/10.pgm,15,15,1
1021,25,26,s3/6.pgm,s3/7.pgm,3,3,1
1022,139,322,s14/10.pgm,s33/3.pgm,14,33,0
1023,248,316,s25/9.pgm,s32/7.pgm,25,32,0
1024,241,249,s25/2.pgm,s25/10.pgm,25,25,1
1025,269,284,s27/10.pgm,s29/5.pgm,27,29,0
1026,223,383,s23/4.pgm,s39/4.pgm,23,39,0
1027,129,331,s13/10.pgm,s34/2.pgm,13,34,0
1028,61,130,s7/2.pgm,s14/1.pgm,7,14,0
1029,387,389,s39/8.pgm,s39/10.pgm,39,39,1
1030,59,73,s6/10.pgm,s8/4.pgm,6,8,0
1031,134,137,s14/5.pgm,s14/8.pgm,14,14,1
1032,330,339,s34/1.pgm,s34/10.pgm,34,34,1
1033,221,322,s23/2.pgm,s33/3.pgm,23,33,0
1034,22,26,s3/3.pgm,s3/7.pgm,3,3,1
1035,251,255,s26/2.pgm,s26/6.pgm,26,26,1
1036,312,316,s32/3.pgm,s32/7.pgm,32,32,1
1037,287,386,s29/8.pgm,s39/7.pgm,29,39,0
1038,241,383,s25/2.pgm,s39/4.pgm,25,39,0
1039,131,133,s14/2.pgm,s14/4.pgm,14,14,1
1040,1,7,s1/2.pgm,s1/8.pgm,1,1,1
1041,311,316,s32/2.pgm,s32/7.pgm,32,32,1
1042,141,146,s15/2.pgm,s15/7.pgm,15,15,1
1043,247,335,s25/8.pgm,s34/6.pgm,25,34,0
1044,40,380,s5/1.pgm,s39/1.pgm,5,39,0
1045,262,264,s27/3.pgm,s27/5.pgm,27,27,1
1046,210,217,s22/1.pgm,s22/8.pgm,22,22,1
1047,224,259,s23/5.pgm,s26/10.pgm,23,26,0
1048,222,224,s23/3.pgm,s23/5.pgm,23,23,1
1049,342,345,s35/3.pgm,s35/6.pgm,35,35,1
1050,343,348,s35/4.pgm,s35/9.pgm,35,35,1
1051,256,389,s26/7.pgm,s39/10.pgm,26,39,0
1052,61,133,s7/2.pgm,s14/4.pgm,7,14,0
1053,222,229,s23/3.pgm,s23/10.pgm,23,23,1
1054,311,356,s32/2.pgm,s36/7.pgm,32,36,0
1055,148,149,s15/9.pgm,s15/10.pgm,15,15,1
1056,76,211,s8/7.pgm,s22/2.pgm,8,22,0
1057,354,358,s36/5.pgm,s36/9.pgm,36,36,1
1058,115,300,s12/6.pgm,s31/1.pgm,12,31,0
1059,52,54,s6/3.pgm,s6/5.pgm,6,6,1
1060,140,141,s15/1.pgm,s15/2.pgm,15,15,1
1061,112,136,s12/3.pgm,s14/7.pgm,12,14,0
1062,73,74,s8/4.pgm,s8/5.pgm,8,8,1
1063,223,381,s23/4.pgm,s39/2.pgm,23,39,0
1064,66,69,s7/7.pgm,s7/10.pgm,7,7,1
1065,136,389,s14/7.pgm,s39/10.pgm,14,39,0
1066,144,224,s15/5.pgm,s23/5.pgm,15,23,0
1067,282,300,s29/3.pgm,s31/1.pgm,29,31,0
1068,149,224,s15/10.pgm,s23/5.pgm,15,23,0
1069,126,129,s13/7.pgm,s13/10.pgm,13,13,1
1070,59,131,s6/10.pgm,s14/2.pgm,6,14,0
1071,62,230,s7/3.pgm,s24/1.pgm,7,24,0
1072,62,68,s7/3.pgm,s7/9.pgm,7,7,1
1073,110,118,s12/1.pgm,s12/9.pgm,12,12,1
1074,214,251,s22/5.pgm,s26/2.pgm,22,26,0
1075,235,388,s24/6.pgm,s39/9.pgm,24,39,0
1076,42,120,s5/3.pgm,s13/1.pgm,5,13,0
1077,352,355,s36/3.pgm,s36/6.pgm,36,36,1
1078,61,69,s7/2.pgm,s7/10.pgm,7,7,1
1079,22,242,s3/3.pgm,s25/3.pgm,3,25,0
1080,58,289,s6/9.pgm,s29/10.pgm,6,29,0
1081,53,55,s6/4.pgm,s6/6.pgm,6,6,1
1082,229,340,s23/10.pgm,s35/1.pgm,23,35,0
1083,342,344,s35/3.pgm,s35/5.pgm,35,35,1
1084,234,239,s24/5.pgm,s24/10.pgm,24,24,1
1085,67,258,s7/8.pgm,s26/9.pgm,7,26,0
1086,146,321,s15/7.pgm,s33/2.pgm,15,33,0
1087,124,126,s13/5.pgm,s13/7.pgm,13,13,1
1088,3,5,s1/4.pgm,s1/6.pgm,1,1,1
1089,231,244,s24/2.pgm,s25/5.pgm,24,25,0
1090,50,319,s6/1.pgm,s32/10.pgm,6,32,0
1091,250,255,s26/1.pgm,s26/6.pgm,26,26,1
1092,128,233,s13/9.pgm,s24/4.pgm,13,24,0
1093,54,302,s6/5.pgm,s31/3.pgm,6,31,0
1094,301,302,s31/2.pgm,s31/3.pgm,31,31,1
1095,26,29,s3/7.pgm,s3/10.pgm,3,3,1
1096,343,347,s35/4.pgm,s35/8.pgm,35,35,1
1097,40,311,s5/1.pgm,s32/2.pgm,5,32,0
1098,220,223,s23/1.pgm,s23/4.pgm,23,23,1
1099,239,259,s24/10.pgm,s26/10.pgm,24,26,0
1100,140,143,s15/1.pgm,s15/4.pgm,15,15,1
1101,26,288,s3/7.pgm,s29/9.pgm,3,29,0
1102,222,264,s23/3.pgm,s27/5.pgm,23,27,0
1103,350,352,s36/1.pgm,s36/3.pgm,36,36,1
1104,142,148,s15/3.pgm,s15/9.pgm,15,15,1
1105,136,259,s14/7.pgm,s26/10.pgm,14,26,0
1106,134,139,s14/5.pgm,s14/10.pgm,14,14,1
1107,76,79,s8/7.pgm,s8/10.pgm,8,8,1
1108,218,351,s22/9.pgm,s36/2.pgm,22,36,0
1109,42,301,s5/3.pgm,s31/2.pgm,5,31,0
1110,331,338,s34/2.pgm,s34/9.pgm,34,34,1
1111,52,58,s6/3.pgm,s6/9.pgm,6,6,1
1112,330,337,s34/1.pgm,s34/8.pgm,34,34,1
1113,224,355,s23/5.pgm,s36/6.pgm,23,36,0
1114,354,357,s36/5.pgm,s36/8.pgm,36,36,1
1115,331,336,s34/2.pgm,s34/7.pgm,34,34,1
1116,29,383,s3/10.pgm,s39/4.pgm,3,39,0
1117,3,282,s1/4.pgm,s29/3.pgm,1,29,0
1118,216,289,s22/7.pgm,s29/10.pgm,22,29,0
1119,246,338,s25/7.pgm,s34/9.pgm,25,34,0
1120,110,312,s12/1.pgm,s32/3.pgm,12,32,0
1121,311,318,s32/2.pgm,s32/9.pgm,32,32,1
1122,280,286,s29/1.pgm,s29/7.pgm,29,29,1
1123,305,308,s31/6.pgm,s31/9.pgm,31,31,1
1124,60,64,s7/1.pgm,s7/5.pgm,7,7,1
1125,47,225,s5/8.pgm,s23/6.pgm,5,23,0
1126,314,318,s32/5.pgm,s32/9.pgm,32,32,1
1127,220,257,s23/1.pgm,s26/8.pgm,23,26,0
1128,132,256,s14/3.pgm,s26/7.pgm,14,26,0
1129,217,240,s22/8.pgm,s25/1.pgm,22,25,0
1130,313,316,s32/4.pgm,s32/7.pgm,32,32,1
1131,25,268,s3/6.pgm,s27/9.pgm,3,27,0
1132,45,113,s5/6.pgm,s12/4.pgm,5,12,0
1133,61,261,s7/2.pgm,s27/2.pgm,7,27,0
1134,71,353,s8/2.pgm,s36/4.pgm,8,36,0
1135,248,249,s25/9.pgm,s25/10.pgm,25,25,1
1136,320,326,s33/1.pgm,s33/7.pgm,33,33,1
1137,132,236,s14/3.pgm,s24/7.pgm,14,24,0
1138,228,262,s23/9.pgm,s27/3.pgm,23,27,0
1139,113,315,s12/4.pgm,s32/6.pgm,12,32,0
1140,55,326,s6/6.pgm,s33/7.pgm,6,33,0
1141,261,268,s27/2.pgm,s27/9.pgm,27,27,1
1142,320,329,s33/1.pgm,s33/10.pgm,33,33,1
1143,336,350,s34/7.pgm,s36/1.pgm,34,36,0
1144,253,259,s26/4.pgm,s26/10.pgm,26,26,1
1145,212,310,s22/3.pgm,s32/1.pgm,22,32,0
1146,210,212,s22/1.pgm,s22/3.pgm,22,22,1
1147,133,306,s14/4.pgm,s31/7.pgm,14,31,0
1148,139,333,s14/10.pgm,s34/4.pgm,14,34,0
1149,5,9,s1/6.pgm,s1/10.pgm,1,1,1
1150,72,251,s8/3.pgm,s26/2.pgm,8,26,0
1151,0,75,s1/1.pgm,s8/6.pgm,1,8,0
1152,60,305,s7/1.pgm,s31/6.pgm,7,31,0
1153,349,352,s35/10.pgm,s36/3.pgm,35,36,0
1154,316,319,s32/7.pgm,s32/10.pgm,32,32,1
1155,122,125,s13/3.pgm,s13/6.pgm,13,13,1
1156,212,215,s22/3.pgm,s22/6.pgm,22,22,1
1157,4,5,s1/5.pgm,s1/6.pgm,1,1,1
1158,67,125,s7/8.pgm,s13/6.pgm,7,13,0
1159,148,222,s15/9.pgm,s23/3.pgm,15,23,0
1160,226,228,s23/7.pgm,s23/9.pgm,23,23,1
1161,46,210,s5/7.pgm,s22/1.pgm,5,22,0
1162,50,57,s6/1.pgm,s6/8.pgm,6,6,1
1163,20,327,s3/1.pgm,s33/8.pgm,3,33,0
1164,123,124,s13/4.pgm,s13/5.pgm,13,13,1
1165,25,110,s3/6.pgm,s12/1.pgm,3,12,0
1166,112,117,s12/3.pgm,s12/8.pgm,12,12,1
1167,138,319,s14/9.pgm,s32/10.pgm,14,32,0
1168,46,327,s5/7.pgm,s33/8.pgm,5,33,0
1169,235,246,s24/6.pgm,s25/7.pgm,24,25,0
1170,57,317,s6/8.pgm,s32/8.pgm,6,32,0
1171,248,358,s25/9.pgm,s36/9.pgm,25,36,0
1172,221,226,s23/2.pgm,s23/7.pgm,23,23,1
1173,41,45,s5/2.pgm,s5/6.pgm,5,5,1
1174,351,354,s36/2.pgm,s36/5.pgm,36,36,1
1175,69,386,s7/10.pgm,s39/7.pgm,7,39,0
1176,58,130,s6/9.pgm,s14/1.pgm,6,14,0
1177,62,63,s7/3.pgm,s7/4.pgm,7,7,1
1178,317,318,s32/8.pgm,s32/9.pgm,32,32,1
1179,61,62,s7/2.pgm,s7/3.pgm,7,7,1
1180,119,339,s12/10.pgm,s34/10.pgm,12,34,0
1181,301,341,s31/2.pgm,s35/2.pgm,31,35,0
1182,62,65,s7/3.pgm,s7/6.pgm,7,7,1
1183,229,328,s23/10.pgm,s33/9.pgm,23,33,0
1184,54,55,s6/5.pgm,s6/6.pgm,6,6,1
1185,113,114,s12/4.pgm,s12/5.pgm,12,12,1
1186,46,47,s5/7.pgm,s5/8.pgm,5,5,1
1187,127,129,s13/8.pgm,s13/10.pgm,13,13,1
1188,235,236,s24/6.pgm,s24/7.pgm,24,24,1
1189,132,137,s14/3.pgm,s14/8.pgm,14,14,1
1190,242,248,s25/3.pgm,s25/9.pgm,25,25,1
1191,121,122,s13/2.pgm,s13/3.pgm,13,13,1
1192,316,318,s32/7.pgm,s32/9.pgm,32,32,1
1193,234,238,s24/5.pgm,s24/9.pgm,24,24,1
1194,312,326,s32/3.pgm,s33/7.pgm,32,33,0
1195,223,386,s23/4.pgm,s39/7.pgm,23,39,0
1196,115,118,s12/6.pgm,s12/9.pgm,12,12,1
1197,239,315,s24/10.pgm,s32/6.pgm,24,32,0
1198,60,61,s7/1.pgm,s7/2.pgm,7,7,1
1199,4,343,s1/5.pgm,s35/4.pgm,1,35,0
1200,71,133,s8/2.pgm,s14/4.pgm,8,14,0
1201,74,268,s8/5.pgm,s27/9.pgm,8,27,0
1202,3,9,s1/4.pgm,s1/10.pgm,1,1,1
1203,3,75,s1/4.pgm,s8/6.pgm,1,8,0
1204,341,352,s35/2.pgm,s36/3.pgm,35,36,0
1205,265,266,s27/6.pgm,s27/7.pgm,27,27,1
1206,312,315,s32/3.pgm,s32/6.pgm,32,32,1
1207,61,66,s7/2.pgm,s7/7.pgm,7,7,1
1208,332,334,s34/3.pgm,s34/5.pgm,34,34,1
1209,75,76,s8/6.pgm,s8/7.pgm,8,8,1
1210,28,380,s3/9.pgm,s39/1.pgm,3,39,0
1211,44,265,s5/5.pgm,s27/6.pgm,5,27,0
1212,58,306,s6/9.pgm,s31/7.pgm,6,31,0
1213,335,341,s34/6.pgm,s35/2.pgm,34,35,0
1214,51,54,s6/2.pgm,s6/5.pgm,6,6,1
1215,60,269,s7/1.pgm,s27/10.pgm,7,27,0
1216,250,352,s26/1.pgm,s36/3.pgm,26,36,0
1217,62,238,s7/3.pgm,s24/9.pgm,7,24,0
1218,282,284,s29/3.pgm,s29/5.pgm,29,29,1
1219,134,138,s14/5.pgm,s14/9.pgm,14,14,1
1220,348,349,s35/9.pgm,s35/10.pgm,35,35,1
1221,132,262,s14/3.pgm,s27/3.pgm,14,27,0
1222,53,57,s6/4.pgm,s6/8.pgm,6,6,1
1223,56,58,s6/7.pgm,s6/9.pgm,6,6,1
1224,283,380,s29/4.pgm,s39/1.pgm,29,39,0
1225,52,56,s6/3.pgm,s6/7.pgm,6,6,1
1226,47,241,s5/8.pgm,s25/2.pgm,5,25,0
1227,25,28,s3/6.pgm,s3/9.pgm,3,3,1
1228,76,138,s8/7.pgm,s14/9.pgm,8,14,0
1229,243,249,s25/4.pgm,s25/10.pgm,25,25,1
1230,124,242,s13/5.pgm,s25/3.pgm,13,25,0
1231,24,309,s3/5.pgm,s31/10.pgm,3,31,0
1232,148,333,s15/9.pgm,s34/4.pgm,15,34,0
1233,54,309,s6/5.pgm,s31/10.pgm,6,31,0
1234,79,255,s8/10.pgm,s26/6.pgm,8,26,0
1235,127,243,s13/8.pgm,s25/4.pgm,13,25,0
1236,48,249,s5/9.pgm,s25/10.pgm,5,25,0
1237,65,351,s7/6.pgm,s36/2.pgm,7,36,0
1238,145,332,s15/6.pgm,s34/3.pgm,15,34,0
1239,135,258,s14/6.pgm,s26/9.pgm,14,26,0
1240,0,6,s1/1.pgm,s1/7.pgm,1,1,1
1241,357,358,s36/8.pgm,s36/9.pgm,36,36,1
1242,50,58,s6/1.pgm,s6/9.pgm,6,6,1
1243,114,119,s12/5.pgm,s12/10.pgm,12,12,1
1244,124,344,s13/5.pgm,s35/5.pgm,13,35,0
1245,284,289,s29/5.pgm,s29/10.pgm,29,29,1
1246,334,339,s34/5.pgm,s34/10.pgm,34,34,1
1247,42,48,s5/3.pgm,s5/9.pgm,5,5,1
1248,251,253,s26/2.pgm,s26/4.pgm,26,26,1
1249,232,237,s24/3.pgm,s24/8.pgm,24,24,1
1250,6,9,s1/7.pgm,s1/10.pgm,1,1,1
1251,113,261,s12/4.pgm,s27/2.pgm,12,27,0
1252,224,349,s23/5.pgm,s35/10.pgm,23,35,0
1253,232,236,s24/3.pgm,s24/7.pgm,24,24,1
1254,0,1,s1/1.pgm,s1/2.pgm,1,1,1
1255,42,46,s5/3.pgm,s5/7.pgm,5,5,1
1256,146,316,s15/7.pgm,s32/7.pgm,15,32,0
1257,71,72,s8/2.pgm,s8/3.pgm,8,8,1
1258,65,119,s7/6.pgm,s12/10.pgm,7,12,0
1259,24,27,s3/5.pgm,s3/8.pgm,3,3,1
1260,135,136,s14/6.pgm,s14/7.pgm,14,14,1
1261,212,217,s22/3.pgm,s22/8.pgm,22,22,1
1262,258,265,s26/9.pgm,s27/6.pgm,26,27,0
1263,72,74,s8/3.pgm,s8/5.pgm,8,8,1
1264,149,214,s15/10.pgm,s22/5.pgm,15,22,0
1265,72,382,s8/3.pgm,s39/3.pgm,8,39,0
1266,342,389,s35/3.pgm,s39/10.pgm,35,39,0
1267,233,245,s24/4.pgm,s25/6.pgm,24,25,0
1268,132,218,s14/3.pgm,s22/9.pgm,14,22,0
1269,261,264,s27/2.pgm,s27/5.pgm,27,27,1
1270,220,359,s23/1.pgm,s36/10.pgm,23,36,0
1271,131,351,s14/2.pgm,s36/2.pgm,14,36,0
1272,330,334,s34/1.pgm,s34/5.pgm,34,34,1
1273,303,355,s31/4.pgm,s36/6.pgm,31,36,0
1274,302,336,s31/3.pgm,s34/7.pgm,31,34,0
1275,253,254,s26/4.pgm,s26/5.pgm,26,26,1
1276,233,235,s24/4.pgm,s24/6.pgm,24,24,1
1277,62,234,s7/3.pgm,s24/5.pgm,7,24,0
1278,55,302,s6/6.pgm,s31/3.pgm,6,31,0
1279,53,59,s6/4.pgm,s6/10.pgm,6,6,1
1280,213,217,s22/4.pgm,s22/8.pgm,22,22,1
1281,282,289,s29/3.pgm,s29/10.pgm,29,29,1
1282,302,305,s31/3.pgm,s31/6.pgm,31,31,1
1283,311,388,s32/2.pgm,s39/9.pgm,32,39,0
1284,141,142,s15/2.pgm,s15/3.pgm,15,15,1
1285,217,246,s22/8.pgm,s25/7.pgm,22,25,0
1286,139,281,s14/10.pgm,s29/2.pgm,14,29,0
1287,143,389,s15/4.pgm,s39/10.pgm,15,39,0
1288,243,248,s25/4.pgm,s25/9.pgm,25,25,1
1289,60,69,s7/1.pgm,s7/10.pgm,7,7,1
1290,244,245,s25/5.pgm,s25/6.pgm,25,25,1
1291,72,73,s8/3.pgm,s8/4.pgm,8,8,1
1292,244,246,s25/5.pgm,s25/7.pgm,25,25,1
1293,255,256,s26/6.pgm,s26/7.pgm,26,26,1
1294,301,304,s31/2.pgm,s31/5.pgm,31,31,1
1295,21,27,s3/2.pgm,s3/8.pgm,3,3,1
1296,111,116,s12/2.pgm,s12/7.pgm,12,12,1
1297,41,43,s5/2.pgm,s5/4.pgm,5,5,1
1298,350,353,s36/1.pgm,s36/4.pgm,36,36,1
1299,52,263,s6/3.pgm,s27/4.pgm,6,27,0
1300,127,218,s13/8.pgm,s22/9.pgm,13,22,0
1301,56,223,s6/7.pgm,s23/4.pgm,6,23,0
1302,149,265,s15/10.pgm,s27/6.pgm,15,27,0
1303,251,256,s26/2.pgm,s26/7.pgm,26,26,1
1304,121,314,s13/2.pgm,s32/5.pgm,13,32,0
1305,130,287,s14/1.pgm,s29/8.pgm,14,29,0
1306,59,301,s6/10.pgm,s31/2.pgm,6,31,0
1307,353,354,s36/4.pgm,s36/5.pgm,36,36,1
1308,142,149,s15/3.pgm,s15/10.pgm,15,15,1
1309,122,129,s13/3.pgm,s13/10.pgm,13,13,1
1310,112,143,s12/3.pgm,s15/4.pgm,12,15,0
1311,110,115,s12/1.pgm,s12/6.pgm,12,12,1
1312,219,263,s22/10.pgm,s27/4.pgm,22,27,0
1313,310,315,s32/1.pgm,s32/6.pgm,32,32,1
1314,148,213,s15/9.pgm,s22/4.pgm,15,22,0
1315,124,130,s13/5.pgm,s14/1.pgm,13,14,0
1316,266,269,s27/7.pgm,s27/10.pgm,27,27,1
1317,282,332,s29/3.pgm,s34/3.pgm,29,34,0
1318,259,327,s26/10.pgm,s33/8.pgm,26,33,0
1319,22,259,s3/3.pgm,s26/10.pgm,3,26,0
1320,213,218,s22/4.pgm,s22/9.pgm,22,22,1
1321,212,344,s22/3.pgm,s35/5.pgm,22,35,0
1322,359,389,s36/10.pgm,s39/10.pgm,36,39,0
1323,341,386,s35/2.pgm,s39/7.pgm,35,39,0
1324,76,232,s8/7.pgm,s24/3.pgm,8,24,0
1325,351,352,s36/2.pgm,s36/3.pgm,36,36,1
1326,70,77,s8/1.pgm,s8/8.pgm,8,8,1
1327,75,118,s8/6.pgm,s12/9.pgm,8,12,0
1328,251,265,s26/2.pgm,s27/6.pgm,26,27,0
1329,61,129,s7/2.pgm,s13/10.pgm,7,13,0
1330,2,7,s1/3.pgm,s1/8.pgm,1,1,1
1331,73,75,s8/4.pgm,s8/6.pgm,8,8,1
1332,319,353,s32/10.pgm,s36/4.pgm,32,36,0
1333,47,75,s5/8.pgm,s8/6.pgm,5,8,0
1334,224,225,s23/5.pgm,s23/6.pgm,23,23,1
1335,323,329,s33/4.pgm,s33/10.pgm,33,33,1
1336,140,381,s15/1.pgm,s39/2.pgm,15,39,0
1337,63,260,s7/4.pgm,s27/1.pgm,7,27,0
1338,243,244,s25/4.pgm,s25/5.pgm,25,25,1
1339,41,219,s5/2.pgm,s22/10.pgm,5,22,0
1340,71,139,s8/2.pgm,s14/10.pgm,8,14,0
1341,44,49,s5/5.pgm,s5/10.pgm,5,5,1
1342,43,46,s5/4.pgm,s5/7.pgm,5,5,1
1343,243,284,s25/4.pgm,s29/5.pgm,25,29,0
1344,321,386,s33/2.pgm,s39/7.pgm,33,39,0
1345,214,250,s22/5.pgm,s26/1.pgm,22,26,0
1346,311,315,s32/2.pgm,s32/6.pgm,32,32,1
1347,9,140,s1/10.pgm,s15/1.pgm,1,15,0
1348,220,221,s23/1.pgm,s23/2.pgm,23,23,1
1349,20,142,s3/1.pgm,s15/3.pgm,3,15,0
1350,62,129,s7/3.pgm,s13/10.pgm,7,13,0
1351,236,239,s24/7.pgm,s24/10.pgm,24,24,1
1352,113,116,s12/4.pgm,s12/7.pgm,12,12,1
1353,47,119,s5/8.pgm,s12/10.pgm,5,12,0
1354,55,58,s6/6.pgm,s6/9.pgm,6,6,1
1355,303,304,s31/4.pgm,s31/5.pgm,31,31,1
1356,318,324,s32/9.pgm,s33/5.pgm,32,33,0
1357,78,148,s8/9.pgm,s15/9.pgm,8,15,0
1358,245,286,s25/6.pgm,s29/7.pgm,25,29,0
1359,50,55,s6/1.pgm,s6/6.pgm,6,6,1
1360,264,269,s27/5.pgm,s27/10.pgm,27,27,1
1361,309,327,s31/10.pgm,s33/8.pgm,31,33,0
1362,74,262,s8/5.pgm,s27/3.pgm,8,27,0
1363,135,261,s14/6.pgm,s27/2.pgm,14,27,0
1364,2,5,s1/3.pgm,s1/6.pgm,1,1,1
1365,147,148,s15/8.pgm,s15/9.pgm,15,15,1
1366,3,124,s1/4.pgm,s13/5.pgm,1,13,0
1367,26,286,s3/7.pgm,s29/7.pgm,3,29,0
1368,70,233,s8/1.pgm,s24/4.pgm,8,24,0
1369,73,77,s8/4.pgm,s8/8.pgm,8,8,1
1370,20,28,s3/1.pgm,s3/9.pgm,3,3,1
1371,5,234,s1/6.pgm,s24/5.pgm,1,24,0
1372,300,346,s31/1.pgm,s35/7.pgm,31,35,0
1373,214,215,s22/5.pgm,s22/6.pgm,22,22,1
1374,122,305,s13/3.pgm,s31/6.pgm,13,31,0
1375,214,218,s22/5.pgm,s22/9.pgm,22,22,1
1376,216,255,s22/7.pgm,s26/6.pgm,22,26,0
1377,113,227,s12/4.pgm,s23/8.pgm,12,23,0
1378,76,348,s8/7.pgm,s35/9.pgm,8,35,0
1379,321,323,s33/2.pgm,s33/4.pgm,33,33,1
1380,221,228,s23/2.pgm,s23/9.pgm,23,23,1
1381,223,225,s23/4.pgm,s23/6.pgm,23,23,1
1382,116,117,s12/7.pgm,s12/8.pgm,12,12,1
1383,29,120,s3/10.pgm,s13/1.pgm,3,13,0
1384,313,314,s32/4.pgm,s32/5.pgm,32,32,1
1385,66,305,s7/7.pgm,s31/6.pgm,7,31,0
1386,22,117,s3/3.pgm,s12/8.pgm,3,12,0
1387,247,248,s25/8.pgm,s25/9.pgm,25,25,1
1388,51,148,s6/2.pgm,s15/9.pgm,6,15,0
1389,110,111,s12/1.pgm,s12/2.pgm,12,12,1
1390,132,134,s14/3.pgm,s14/5.pgm,14,14,1
1391,331,332,s34/2.pgm,s34/3.pgm,34,34,1
1392,144,388,s15/5.pgm,s39/9.pgm,15,39,0
1393,220,222,s23/1.pgm,s23/3.pgm,23,23,1
1394,44,356,s5/5.pgm,s36/7.pgm,5,36,0
1395,266,286,s27/7.pgm,s29/7.pgm,27,29,0
1396,258,259,s26/9.pgm,s26/10.pgm,26,26,1
1397,255,257,s26/6.pgm,s26/8.pgm,26,26,1
1398,50,228,s6/1.pgm,s23/9.pgm,6,23,0
1399,52,59,s6/3.pgm,s6/10.pgm,6,6,1
1400,140,142,s15/1.pgm,s15/3.pgm,15,15,1
1401,265,267,s27/6.pgm,s27/8.pgm,27,27,1
1402,140,284,s15/1.pgm,s29/5.pgm,15,29,0
1403,144,252,s15/5.pgm,s26/3.pgm,15,26,0
1404,241,335,s25/2.pgm,s34/6.pgm,25,34,0
1405,352,358,s36/3.pgm,s36/9.pgm,36,36,1
1406,53,266,s6/4.pgm,s27/7.pgm,6,27,0
1407,280,287,s29/1.pgm,s29/8.pgm,29,29,1
1408,211,214,s22/2.pgm,s22/5.pgm,22,22,1
1409,40,262,s5/1.pgm,s27/3.pgm,5,27,0
1410,326,328,s33/7.pgm,s33/9.pgm,33,33,1
1411,300,308,s31/1.pgm,s31/9.pgm,31,31,1
1412,230,231,s24/1.pgm,s24/2.pgm,24,24,1
1413,342,346,s35/3.pgm,s35/7.pgm,35,35,1
1414,60,134,s7/1.pgm,s14/5.pgm,7,14,0
1415,288,350,s29/9.pgm,s36/1.pgm,29,36,0
1416,331,339,s34/2.pgm,s34/10.pgm,34,34,1
1417,286,287,s29/7.pgm,s29/8.pgm,29,29,1
1418,314,347,s32/5.pgm,s35/8.pgm,32,35,0
1419,143,145,s15/4.pgm,s15/6.pgm,15,15,1
1420,117,351,s12/8.pgm,s36/2.pgm,12,36,0
1421,303,309,s31/4.pgm,s31/10.pgm,31,31,1
1422,111,338,s12/2.pgm,s34/9.pgm,12,34,0
1423,111,357,s12/2.pgm,s36/8.pgm,12,36,0
1424,75,243,s8/6.pgm,s25/4.pgm,8,25,0
1425,232,281,s24/3.pgm,s29/2.pgm,24,29,0
1426,311,313,s32/2.pgm,s32/4.pgm,32,32,1
1427,233,239,s24/4.pgm,s24/10.pgm,24,24,1
1428,241,242,s25/2.pgm,s25/3.pgm,25,25,1
1429,216,352,s22/7.pgm,s36/3.pgm,22,36,0
1430,61,65,s7/2.pgm,s7/6.pgm,7,7,1
1431,352,353,s36/3.pgm,s36/4.pgm,36,36,1
1432,123,127,s13/4.pgm,s13/8.pgm,13,13,1
1433,41,257,s5/2.pgm,s26/8.pgm,5,26,0
1434,228,229,s23/9.pgm,s23/10.pgm,23,23,1
1435,132,260,s14/3.pgm,s27/1.pgm,14,27,0
1436,320,328,s33/1.pgm,s33/9.pgm,33,33,1
1437,77,140,s8/8.pgm,s15/1.pgm,8,15,0
1438,345,347,s35/6.pgm,s35/8.pgm,35,35,1
1439,53,328,s6/4.pgm,s33/9.pgm,6,33,0
1440,302,304,s31/3.pgm,s31/5.pgm,31,31,1
1441,120,389,s13/1.pgm,s39/10.pgm,13,39,0
1442,111,256,s12/2.pgm,s26/7.pgm,12,26,0
1443,335,339,s34/6.pgm,s34/10.pgm,34,34,1
1444,76,219,s8/7.pgm,s22/10.pgm,8,22,0
1445,257,337,s26/8.pgm,s34/8.pgm,26,34,0
1446,73,149,s8/4.pgm,s15/10.pgm,8,15,0
1447,23,24,s3/4.pgm,s3/5.pgm,3,3,1
1448,121,249,s13/2.pgm,s25/10.pgm,13,25,0
1449,141,252,s15/2.pgm,s26/3.pgm,15,26,0
1450,384,386,s39/5.pgm,s39/7.pgm,39,39,1
1451,250,254,s26/1.pgm,s26/5.pgm,26,26,1
1452,21,29,s3/2.pgm,s3/10.pgm,3,3,1
1453,224,287,s23/5.pgm,s29/8.pgm,23,29,0
1454,261,265,s27/2.pgm,s27/6.pgm,27,27,1
1455,126,132,s13/7.pgm,s14/3.pgm,13,14,0
1456,217,282,s22/8.pgm,s29/3.pgm,22,29,0
1457,335,336,s34/6.pgm,s34/7.pgm,34,34,1
1458,350,357,s36/1.pgm,s36/8.pgm,36,36,1
1459,317,319,s32/8.pgm,s32/10.pgm,32,32,1
1460,380,386,s39/1.pgm,s39/7.pgm,39,39,1
1461,20,23,s3/1.pgm,s3/4.pgm,3,3,1
1462,125,308,s13/6.pgm,s31/9.pgm,13,31,0
1463,60,256,s7/1.pgm,s26/7.pgm,7,26,0
1464,116,329,s12/7.pgm,s33/10.pgm,12,33,0
1465,303,353,s31/4.pgm,s36/4.pgm,31,36,0
1466,2,50,s1/3.pgm,s6/1.pgm,1,6,0
1467,6,8,s1/7.pgm,s1/9.pgm,1,1,1
1468,123,337,s13/4.pgm,s34/8.pgm,13,34,0
1469,337,338,s34/8.pgm,s34/9.pgm,34,34,1
1470,60,67,s7/1.pgm,s7/8.pgm,7,7,1
1471,25,29,s3/6.pgm,s3/10.pgm,3,3,1
1472,230,238,s24/1.pgm,s24/9.pgm,24,24,1
1473,3,56,s1/4.pgm,s6/7.pgm,1,6,0
1474,123,359,s13/4.pgm,s36/10.pgm,13,36,0
1475,304,309,s31/5.pgm,s31/10.pgm,31,31,1
1476,50,242,s6/1.pgm,s25/3.pgm,6,25,0
1477,356,358,s36/7.pgm,s36/9.pgm,36,36,1
1478,24,216,s3/5.pgm,s22/7.pgm,3,22,0
1479,246,247,s25/7.pgm,s25/8.pgm,25,25,1
1480,76,263,s8/7.pgm,s27/4.pgm,8,27,0
1481,216,263,s22/7.pgm,s27/4.pgm,22,27,0
1482,22,269,s3/3.pgm,s27/10.pgm,3,27,0
1483,66,348,s7/7.pgm,s35/9.pgm,7,35,0
1484,24,25,s3/5.pgm,s3/6.pgm,3,3,1
1485,265,381,s27/6.pgm,s39/2.pgm,27,39,0
1486,111,115,s12/2.pgm,s12/6.pgm,12,12,1
1487,146,147,s15/7.pgm,s15/8.pgm,15,15,1
1488,27,354,s3/8.pgm,s36/5.pgm,3,36,0
1489,27,29,s3/8.pgm,s3/10.pgm,3,3,1
1490,323,324,s33/4.pgm,s33/5.pgm,33,33,1
1491,125,225,s13/6.pgm,s23/6.pgm,13,23,0
1492,241,266,s25/2.pgm,s27/7.pgm,25,27,0
1493,302,353,s31/3.pgm,s36/4.pgm,31,36,0
1494,305,307,s31/6.pgm,s31/8.pgm,31,31,1
1495,232,328,s24/3.pgm,s33/9.pgm,24,33,0
1496,7,120,s1/8.pgm,s13/1.pgm,1,13,0
1497,70,248,s8/1.pgm,s25/9.pgm,8,25,0
1498,5,253,s1/6.pgm,s26/4.pgm,1,26,0
1499,336,338,s34/7.pgm,s34/9.pgm,34,34,1
1500,244,248,s25/5.pgm,s25/9.pgm,25,25,1
1501,351,355,s36/2.pgm,s36/6.pgm,36,36,1
1502,310,327,s32/1.pgm,s33/8.pgm,32,33,0
1503,21,267,s3/2.pgm,s27/8.pgm,3,27,0
1504,56,59,s6/7.pgm,s6/10.pgm,6,6,1
1505,260,267,s27/1.pgm,s27/8.pgm,27,27,1
1506,264,265,s27/5.pgm,s27/6.pgm,27,27,1
1507,45,49,s5/6.pgm,s5/10.pgm,5,5,1
1508,121,129,s13/2.pgm,s13/10.pgm,13,13,1
1509,355,359,s36/6.pgm,s36/10.pgm,36,36,1
1510,65,315,s7/6.pgm,s32/6.pgm,7,32,0
1511,9,244,s1/10.pgm,s25/5.pgm,1,25,0
1512,52,57,s6/3.pgm,s6/8.pgm,6,6,1
1513,301,307,s31/2.pgm,s31/8.pgm,31,31,1
1514,24,384,s3/5.pgm,s39/5.pgm,3,39,0
1515,136,139,s14/7.pgm,s14/10.pgm,14,14,1
1516,214,226,s22/5.pgm,s23/7.pgm,22,23,0
1517,45,146,s5/6.pgm,s15/7.pgm,5,15,0
1518,285,317,s29/6.pgm,s32/8.pgm,29,32,0
1519,23,28,s3/4.pgm,s3/9.pgm,3,3,1
1520,131,135,s14/2.pgm,s14/6.pgm,14,14,1
1521,130,133,s14/1.pgm,s14/4.pgm,14,14,1
1522,340,346,s35/1.pgm,s35/7.pgm,35,35,1
1523,146,148,s15/7.pgm,s15/9.pgm,15,15,1
1524,383,384,s39/4.pgm,s39/5.pgm,39,39,1
1525,115,387,s12/6.pgm,s39/8.pgm,12,39,0
1526,267,268,s27/8.pgm,s27/9.pgm,27,27,1
1527,138,283,s14/9.pgm,s29/4.pgm,14,29,0
1528,51,58,s6/2.pgm,s6/9.pgm,6,6,1
1529,269,353,s27/10.pgm,s36/4.pgm,27,36,0
1530,61,322,s7/2.pgm,s33/3.pgm,7,33,0
1531,211,217,s22/2.pgm,s22/8.pgm,22,22,1
1532,216,314,s22/7.pgm,s32/5.pgm,22,32,0
1533,231,237,s24/2.pgm,s24/8.pgm,24,24,1
1534,380,384,s39/1.pgm,s39/5.pgm,39,39,1
1535,110,113,s12/1.pgm,s12/4.pgm,12,12,1
1536,386,387,s39/7.pgm,s39/8.pgm,39,39,1
1537,143,300,s15/4.pgm,s31/1.pgm,15,31,0
1538,309,311,s31/10.pgm,s32/2.pgm,31,32,0
1539,54,58,s6/5.pgm,s6/9.pgm,6,6,1
1540,261,262,s27/2.pgm,s27/3.pgm,27,27,1
1541,287,380,s29/8.pgm,s39/1.pgm,29,39,0
1542,4,26,s1/5.pgm,s3/7.pgm,1,3,0
1543,143,269,s15/4.pgm,s27/10.pgm,15,27,0
1544,147,233,s15/8.pgm,s24/4.pgm,15,24,0
1545,322,325,s33/3.pgm,s33/6.pgm,33,33,1
1546,131,136,s14/2.pgm,s14/7.pgm,14,14,1
1547,4,328,s1/5.pgm,s33/9.pgm,1,33,0
1548,43,45,s5/4.pgm,s5/6.pgm,5,5,1
1549,6,267,s1/7.pgm,s27/8.pgm,1,27,0
1550,337,385,s34/8.pgm,s39/6.pgm,34,39,0
1551,216,312,s22/7.pgm,s32/3.pgm,22,32,0
1552,315,316,s32/6.pgm,s32/7.pgm,32,32,1
1553,252,334,s26/3.pgm,s34/5.pgm,26,34,0
1554,121,128,s13/2.pgm,s13/9.pgm,13,13,1
1555,70,287,s8/1.pgm,s29/8.pgm,8,29,0
1556,283,284,s29/4.pgm,s29/5.pgm,29,29,1
1557,352,357,s36/3.pgm,s36/8.pgm,36,36,1
1558,8,280,s1/9.pgm,s29/1.pgm,1,29,0
1559,343,344,s35/4.pgm,s35/5.pgm,35,35,1
1560,145,350,s15/6.pgm,s36/1.pgm,15,36,0
1561,310,359,s32/1.pgm,s36/10.pgm,32,36,0
1562,246,333,s25/7.pgm,s34/4.pgm,25,34,0
1563,22,27,s3/3.pgm,s3/8.pgm,3,3,1
1564,135,138,s14/6.pgm,s14/9.pgm,14,14,1
1565,49,243,s5/10.pgm,s25/4.pgm,5,25,0
1566,126,317,s13/7.pgm,s32/8.pgm,13,32,0
1567,381,388,s39/2.pgm,s39/9.pgm,39,39,1
1568,281,286,s29/2.pgm,s29/7.pgm,29,29,1
1569,322,329,s33/3.pgm,s33/10.pgm,33,33,1
1570,114,354,s12/5.pgm,s36/5.pgm,12,36,0
1571,319,358,s32/10.pgm,s36/9.pgm,32,36,0
1572,49,282,s5/10.pgm,s29/3.pgm,5,29,0
1573,264,266,s27/5.pgm,s27/7.pgm,27,27,1
1574,128,330,s13/9.pgm,s34/1.pgm,13,34,0
1575,149,355,s15/10.pgm,s36/6.pgm,15,36,0
1576,280,288,s29/1.pgm,s29/9.pgm,29,29,1
1577,42,316,s5/3.pgm,s32/7.pgm,5,32,0
1578,42,306,s5/3.pgm,s31/7.pgm,5,31,0
1579,2,8,s1/3.pgm,s1/9.pgm,1,1,1
1580,115,126,s12/6.pgm,s13/7.pgm,12,13,0
1581,70,74,s8/1.pgm,s8/5.pgm,8,8,1
1582,143,148,s15/4.pgm,s15/9.pgm,15,15,1
1583,383,387,s39/4.pgm,s39/8.pgm,39,39,1
1584,211,219,s22/2.pgm,s22/10.pgm,22,22,1
1585,251,252,s26/2.pgm,s26/3.pgm,26,26,1
1586,309,310,s31/10.pgm,s32/1.pgm,31,32,0
1587,50,326,s6/1.pgm,s33/7.pgm,6,33,0
1588,7,264,s1/8.pgm,s27/5.pgm,1,27,0
1589,141,389,s15/2.pgm,s39/10.pgm,15,39,0
1590,73,304,s8/4.pgm,s31/5.pgm,8,31,0
1591,28,261,s3/9.pgm,s27/2.pgm,3,27,0
1592,53,56,s6/4.pgm,s6/7.pgm,6,6,1
1593,3,142,s1/4.pgm,s15/3.pgm,1,15,0
1594,132,305,s14/3.pgm,s31/6.pgm,14,31,0
1595,229,346,s23/10.pgm,s35/7.pgm,23,35,0
1596,214,240,s22/5.pgm,s25/1.pgm,22,25,0
1597,78,284,s8/9.pgm,s29/5.pgm,8,29,0
1598,264,268,s27/5.pgm,s27/9.pgm,27,27,1
1599,7,20,s1/8.pgm,s3/1.pgm,1,3,0
1600,252,258,s26/3.pgm,s26/9.pgm,26,26,1
1601,24,76,s3/5.pgm,s8/7.pgm,3,8,0
1602,289,308,s29/10.pgm,s31/9.pgm,29,31,0
1603,42,47,s5/3.pgm,s5/8.pgm,5,5,1
1604,62,383,s7/3.pgm,s39/4.pgm,7,39,0
1605,238,239,s24/9.pgm,s24/10.pgm,24,24,1
1606,68,119,s7/9.pgm,s12/10.pgm,7,12,0
1607,220,226,s23/1.pgm,s23/7.pgm,23,23,1
1608,41,46,s5/2.pgm,s5/7.pgm,5,5,1
1609,72,326,s8/3.pgm,s33/7.pgm,8,33,0
1610,252,338,s26/3.pgm,s34/9.pgm,26,34,0
1611,55,57,s6/6.pgm,s6/8.pgm,6,6,1
1612,52,236,s6/3.pgm,s24/7.pgm,6,24,0
1613,232,233,s24/3.pgm,s24/4.pgm,24,24,1
1614,64,323,s7/5.pgm,s33/4.pgm,7,33,0
1615,133,137,s14/4.pgm,s14/8.pgm,14,14,1
1616,42,44,s5/3.pgm,s5/5.pgm,5,5,1
1617,40,46,s5/1.pgm,s5/7.pgm,5,5,1
1618,111,119,s12/2.pgm,s12/10.pgm,12,12,1
1619,9,234,s1/10.pgm,s24/5.pgm,1,24,0
1620,51,118,s6/2.pgm,s12/9.pgm,6,12,0
1621,241,289,s25/2.pgm,s29/10.pgm,25,29,0
1622,45,385,s5/6.pgm,s39/6.pgm,5,39,0
1623,72,269,s8/3.pgm,s27/10.pgm,8,27,0
1624,58,386,s6/9.pgm,s39/7.pgm,6,39,0
1625,254,259,s26/5.pgm,s26/10.pgm,26,26,1
1626,117,223,s12/8.pgm,s23/4.pgm,12,23,0
1627,233,234,s24/4.pgm,s24/5.pgm,24,24,1
1628,350,356,s36/1.pgm,s36/7.pgm,36,36,1
1629,218,319,s22/9.pgm,s32/10.pgm,22,32,0
1630,2,300,s1/3.pgm,s31/1.pgm,1,31,0
1631,44,47,s5/5.pgm,s5/8.pgm,5,5,1
1632,242,340,s25/3.pgm,s35/1.pgm,25,35,0
1633,132,136,s14/3.pgm,s14/7.pgm,14,14,1
1634,354,355,s36/5.pgm,s36/6.pgm,36,36,1
1635,358,359,s36/9.pgm,s36/10.pgm,36,36,1
1636,330,336,s34/1.pgm,s34/7.pgm,34,34,1
1637,253,260,s26/4.pgm,s27/1.pgm,26,27,0
1638,48,314,s5/9.pgm,s32/5.pgm,5,32,0
1639,382,388,s39/3.pgm,s39/9.pgm,39,39,1
1640,324,326,s33/5.pgm,s33/7.pgm,33,33,1
1641,334,338,s34/5.pgm,s34/9.pgm,34,34,1
1642,141,149,s15/2.pgm,s15/10.pgm,15,15,1
1643,144,145,s15/5.pgm,s15/6.pgm,15,15,1
1644,211,216,s22/2.pgm,s22/7.pgm,22,22,1
1645,24,321,s3/5.pgm,s33/2.pgm,3,33,0
1646,124,381,s13/5.pgm,s39/2.pgm,13,39,0
1647,239,289,s24/10.pgm,s29/10.pgm,24,29,0
1648,66,68,s7/7.pgm,s7/9.pgm,7,7,1
1649,1,3,s1/2.pgm,s1/4.pgm,1,1,1
1650,342,348,s35/3.pgm,s35/9.pgm,35,35,1
1651,234,289,s24/5.pgm,s29/10.pgm,24,29,0
1652,280,285,s29/1.pgm,s29/6.pgm,29,29,1
1653,2,259,s1/3.pgm,s26/10.pgm,1,26,0
1654,4,284,s1/5.pgm,s29/5.pgm,1,29,0
1655,340,348,s35/1.pgm,s35/9.pgm,35,35,1
1656,260,264,s27/1.pgm,s27/5.pgm,27,27,1
1657,59,248,s6/10.pgm,s25/9.pgm,6,25,0
1658,61,78,s7/2.pgm,s8/9.pgm,7,8,0
1659,320,342,s33/1.pgm,s35/3.pgm,33,35,0
1660,52,71,s6/3.pgm,s8/2.pgm,6,8,0
1661,140,149,s15/1.pgm,s15/10.pgm,15,15,1
1662,43,67,s5/4.pgm,s7/8.pgm,5,7,0
1663,332,338,s34/3.pgm,s34/9.pgm,34,34,1
1664,3,328,s1/4.pgm,s33/9.pgm,1,33,0
1665,110,282,s12/1.pgm,s29/3.pgm,12,29,0
1666,133,333,s14/4.pgm,s34/4.pgm,14,34,0
1667,74,76,s8/5.pgm,s8/7.pgm,8,8,1
1668,267,329,s27/8.pgm,s33/10.pgm,27,33,0
1669,313,319,s32/4.pgm,s32/10.pgm,32,32,1
1670,300,302,s31/1.pgm,s31/3.pgm,31,31,1
1671,302,343,s31/3.pgm,s35/4.pgm,31,35,0
1672,54,259,s6/5.pgm,s26/10.pgm,6,26,0
1673,61,67,s7/2.pgm,s7/8.pgm,7,7,1
1674,62,66,s7/3.pgm,s7/7.pgm,7,7,1
1675,0,251,s1/1.pgm,s26/2.pgm,1,26,0
1676,263,268,s27/4.pgm,s27/9.pgm,27,27,1
1677,20,52,s3/1.pgm,s6/3.pgm,3,6,0
1678,136,137,s14/7.pgm,s14/8.pgm,14,14,1
1679,126,339,s13/7.pgm,s34/10.pgm,13,34,0
1680,133,136,s14/4.pgm,s14/7.pgm,14,14,1
1681,59,328,s6/10.pgm,s33/9.pgm,6,33,0
1682,255,258,s26/6.pgm,s26/9.pgm,26,26,1
1683,241,248,s25/2.pgm,s25/9.pgm,25,25,1
1684,111,216,s12/2.pgm,s22/7.pgm,12,22,0
1685,121,124,s13/2.pgm,s13/5.pgm,13,13,1
1686,224,325,s23/5.pgm,s33/6.pgm,23,33,0
1687,71,77,s8/2.pgm,s8/8.pgm,8,8,1
1688,115,119,s12/6.pgm,s12/10.pgm,12,12,1
1689,54,345,s6/5.pgm,s35/6.pgm,6,35,0
1690,121,127,s13/2.pgm,s13/8.pgm,13,13,1
1691,331,337,s34/2.pgm,s34/8.pgm,34,34,1
1692,123,251,s13/4.pgm,s26/2.pgm,13,26,0
1693,215,219,s22/6.pgm,s22/10.pgm,22,22,1
1694,7,342,s1/8.pgm,s35/3.pgm,1,35,0
1695,8,9,s1/9.pgm,s1/10.pgm,1,1,1
1696,235,300,s24/6.pgm,s31/1.pgm,24,31,0
1697,216,218,s22/7.pgm,s22/9.pgm,22,22,1
1698,322,341,s33/3.pgm,s35/2.pgm,33,35,0
1699,214,238,s22/5.pgm,s24/9.pgm,22,24,0
1700,70,325,s8/1.pgm,s33/6.pgm,8,33,0
1701,131,132,s14/2.pgm,s14/3.pgm,14,14,1
1702,64,306,s7/5.pgm,s31/7.pgm,7,31,0
1703,9,225,s1/10.pgm,s23/6.pgm,1,23,0
1704,236,351,s24/7.pgm,s36/2.pgm,24,36,0
1705,323,326,s33/4.pgm,s33/7.pgm,33,33,1
1706,137,352,s14/8.pgm,s36/3.pgm,14,36,0
1707,325,329,s33/6.pgm,s33/10.pgm,33,33,1
1708,60,66,s7/1.pgm,s7/7.pgm,7,7,1
1709,300,321,s31/1.pgm,s33/2.pgm,31,33,0
1710,66,67,s7/7.pgm,s7/8.pgm,7,7,1
1711,43,120,s5/4.pgm,s13/1.pgm,5,13,0
1712,71,78,s8/2.pgm,s8/9.pgm,8,8,1
1713,58,59,s6/9.pgm,s6/10.pgm,6,6,1
1714,41,49,s5/2.pgm,s5/10.pgm,5,5,1
1715,123,345,s13/4.pgm,s35/6.pgm,13,35,0
1716,222,352,s23/3.pgm,s36/3.pgm,23,36,0
1717,64,317,s7/5.pgm,s32/8.pgm,7,32,0
1718,224,228,s23/5.pgm,s23/9.pgm,23,23,1
1719,280,282,s29/1.pgm,s29/3.pgm,29,29,1
1720,145,146,s15/6.pgm,s15/7.pgm,15,15,1
1721,45,333,s5/6.pgm,s34/4.pgm,5,34,0
1722,21,26,s3/2.pgm,s3/7.pgm,3,3,1
1723,242,243,s25/3.pgm,s25/4.pgm,25,25,1
1724,210,215,s22/1.pgm,s22/6.pgm,22,22,1
1725,127,146,s13/8.pgm,s15/7.pgm,13,15,0
1726,303,327,s31/4.pgm,s33/8.pgm,31,33,0
1727,216,248,s22/7.pgm,s25/9.pgm,22,25,0
1728,67,261,s7/8.pgm,s27/2.pgm,7,27,0
1729,346,347,s35/7.pgm,s35/8.pgm,35,35,1
1730,125,128,s13/6.pgm,s13/9.pgm,13,13,1
1731,2,314,s1/3.pgm,s32/5.pgm,1,32,0
1732,346,383,s35/7.pgm,s39/4.pgm,35,39,0
1733,228,334,s23/9.pgm,s34/5.pgm,23,34,0
1734,381,386,s39/2.pgm,s39/7.pgm,39,39,1
1735,52,55,s6/3.pgm,s6/6.pgm,6,6,1
1736,4,9,s1/5.pgm,s1/10.pgm,1,1,1
1737,342,349,s35/3.pgm,s35/10.pgm,35,35,1
1738,330,335,s34/1.pgm,s34/6.pgm,34,34,1
1739,314,317,s32/5.pgm,s32/8.pgm,32,32,1
1740,7,289,s1/8.pgm,s29/10.pgm,1,29,0
1741,2,221,s1/3.pgm,s23/2.pgm,1,23,0
1742,262,266,s27/3.pgm,s27/7.pgm,27,27,1
1743,50,56,s6/1.pgm,s6/7.pgm,6,6,1
1744,214,217,s22/5.pgm,s22/8.pgm,22,22,1
1745,255,301,s26/6.pgm,s31/2.pgm,26,31,0
1746,321,328,s33/2.pgm,s33/9.pgm,33,33,1
1747,138,211,s14/9.pgm,s22/2.pgm,14,22,0
1748,43,350,s5/4.pgm,s36/1.pgm,5,36,0
1749,53,147,s6/4.pgm,s15/8.pgm,6,15,0
1750,122,218,s13/3.pgm,s22/9.pgm,13,22,0
1751,142,383,s15/3.pgm,s39/4.pgm,15,39,0
1752,217,218,s22/8.pgm,s22/9.pgm,22,22,1
1753,212,214,s22/3.pgm,s22/5.pgm,22,22,1
1754,241,259,s25/2.pgm,s26/10.pgm,25,26,0
1755,257,344,s26/8.pgm,s35/5.pgm,26,35,0
1756,331,333,s34/2.pgm,s34/4.pgm,34,34,1
1757,221,224,s23/2.pgm,s23/5.pgm,23,23,1
1758,265,314,s27/6.pgm,s32/5.pgm,27,32,0
1759,283,288,s29/4.pgm,s29/9.pgm,29,29,1
1760,231,235,s24/2.pgm,s24/6.pgm,24,24,1
1761,68,110,s7/9.pgm,s12/1.pgm,7,12,0
1762,321,325,s33/2.pgm,s33/6.pgm,33,33,1
1763,305,329,s31/6.pgm,s33/10.pgm,31,33,0
1764,226,240,s23/7.pgm,s25/1.pgm,23,25,0
1765,42,325,s5/3.pgm,s33/6.pgm,5,33,0
1766,25,57,s3/6.pgm,s6/8.pgm,3,6,0
1767,114,249,s12/5.pgm,s25/10.pgm,12,25,0
1768,324,327,s33/5.pgm,s33/8.pgm,33,33,1
1769,27,218,s3/8.pgm,s22/9.pgm,3,22,0
1770,130,346,s14/1.pgm,s35/7.pgm,14,35,0
1771,1,43,s1/2.pgm,s5/4.pgm,1,5,0
1772,42,359,s5/3.pgm,s36/10.pgm,5,36,0
1773,143,144,s15/4.pgm,s15/5.pgm,15,15,1
1774,145,147,s15/6.pgm,s15/8.pgm,15,15,1
1775,220,302,s23/1.pgm,s31/3.pgm,23,31,0
1776,120,343,s13/1.pgm,s35/4.pgm,13,35,0
1777,280,284,s29/1.pgm,s29/5.pgm,29,29,1
1778,117,118,s12/8.pgm,s12/9.pgm,12,12,1
1779,76,78,s8/7.pgm,s8/9.pgm,8,8,1
1780,223,358,s23/4.pgm,s36/9.pgm,23,36,0
1781,133,226,s14/4.pgm,s23/7.pgm,14,23,0
1782,120,125,s13/1.pgm,s13/6.pgm,13,13,1
1783,1,265,s1/2.pgm,s27/6.pgm,1,27,0
1784,70,73,s8/1.pgm,s8/4.pgm,8,8,1
1785,72,78,s8/3.pgm,s8/9.pgm,8,8,1
1786,50,59,s6/1.pgm,s6/10.pgm,6,6,1
1787,133,329,s14/4.pgm,s33/10.pgm,14,33,0
1788,306,312,s31/7.pgm,s32/3.pgm,31,32,0
1789,62,306,s7/3.pgm,s31/7.pgm,7,31,0
1790,112,118,s12/3.pgm,s12/9.pgm,12,12,1
1791,71,73,s8/2.pgm,s8/4.pgm,8,8,1
1792,24,308,s3/5.pgm,s31/9.pgm,3,31,0
1793,0,8,s1/1.pgm,s1/9.pgm,1,1,1
1794,346,348,s35/7.pgm,s35/9.pgm,35,35,1
1795,210,216,s22/1.pgm,s22/7.pgm,22,22,1
1796,222,355,s23/3.pgm,s36/6.pgm,23,36,0
1797,309,339,s31/10.pgm,s34/10.pgm,31,34,0
1798,70,72,s8/1.pgm,s8/3.pgm,8,8,1
1799,44,45,s5/5.pgm,s5/6.pgm,5,5,1
1800,146,307,s15/7.pgm,s31/8.pgm,15,31,0
1801,51,59,s6/2.pgm,s6/10.pgm,6,6,1
1802,220,224,s23/1.pgm,s23/5.pgm,23,23,1
1803,27,324,s3/8.pgm,s33/5.pgm,3,33,0
1804,128,341,s13/9.pgm,s35/2.pgm,13,35,0
1805,225,341,s23/6.pgm,s35/2.pgm,23,35,0
1806,234,237,s24/5.pgm,s24/8.pgm,24,24,1
1807,260,289,s27/1.pgm,s29/10.pgm,27,29,0
1808,43,230,s5/4.pgm,s24/1.pgm,5,24,0
1809,228,255,s23/9.pgm,s26/6.pgm,23,26,0
1810,214,219,s22/5.pgm,s22/10.pgm,22,22,1
1811,8,339,s1/9.pgm,s34/10.pgm,1,34,0
1812,324,325,s33/5.pgm,s33/6.pgm,33,33,1
1813,45,349,s5/6.pgm,s35/10.pgm,5,35,0
1814,340,342,s35/1.pgm,s35/3.pgm,35,35,1
1815,213,216,s22/4.pgm,s22/7.pgm,22,22,1
1816,142,314,s15/3.pgm,s32/5.pgm,15,32,0
1817,77,284,s8/8.pgm,s29/5.pgm,8,29,0
1818,341,342,s35/2.pgm,s35/3.pgm,35,35,1
1819,242,246,s25/3.pgm,s25/7.pgm,25,25,1
1820,310,312,s32/1.pgm,s32/3.pgm,32,32,1
1821,40,42,s5/1.pgm,s5/3.pgm,5,5,1
1822,211,342,s22/2.pgm,s35/3.pgm,22,35,0
1823,120,123,s13/1.pgm,s13/4.pgm,13,13,1
1824,226,312,s23/7.pgm,s32/3.pgm,23,32,0
1825,285,287,s29/6.pgm,s29/8.pgm,29,29,1
1826,126,387,s13/7.pgm,s39/8.pgm,13,39,0
1827,356,359,s36/7.pgm,s36/10.pgm,36,36,1
1828,307,354,s31/8.pgm,s36/5.pgm,31,36,0
1829,147,315,s15/8.pgm,s32/6.pgm,15,32,0
1830,112,116,s12/3.pgm,s12/7.pgm,12,12,1
1831,134,281,s14/5.pgm,s29/2.pgm,14,29,0
1832,235,239,s24/6.pgm,s24/10.pgm,24,24,1
1833,59,123,s6/10.pgm,s13/4.pgm,6,13,0
1834,139,345,s14/10.pgm,s35/6.pgm,14,35,0
1835,111,118,s12/2.pgm,s12/9.pgm,12,12,1
1836,254,280,s26/5.pgm,s29/1.pgm,26,29,0
1837,137,222,s14/8.pgm,s23/3.pgm,14,23,0
1838,26,45,s3/7.pgm,s5/6.pgm,3,5,0
1839,341,345,s35/2.pgm,s35/6.pgm,35,35,1
1840,20,69,s3/1.pgm,s7/10.pgm,3,7,0
1841,135,231,s14/6.pgm,s24/2.pgm,14,24,0
1842,289,303,s29/10.pgm,s31/4.pgm,29,31,0
1843,113,117,s12/4.pgm,s12/8.pgm,12,12,1
1844,0,285,s1/1.pgm,s29/6.pgm,1,29,0
1845,42,43,s5/3.pgm,s5/4.pgm,5,5,1
1846,22,358,s3/3.pgm,s36/9.pgm,3,36,0
1847,240,244,s25/1.pgm,s25/5.pgm,25,25,1
1848,281,288,s29/2.pgm,s29/9.pgm,29,29,1
1849,303,356,s31/4.pgm,s36/7.pgm,31,36,0
1850,130,131,s14/1.pgm,s14/2.pgm,14,14,1
1851,384,389,s39/5.pgm,s39/10.pgm,39,39,1
1852,312,345,s32/3.pgm,s35/6.pgm,32,35,0
1853,112,113,s12/3.pgm,s12/4.pgm,12,12,1
1854,56,237,s6/7.pgm,s24/8.pgm,6,24,0
1855,110,116,s12/1.pgm,s12/7.pgm,12,12,1
1856,119,387,s12/10.pgm,s39/8.pgm,12,39,0
1857,301,308,s31/2.pgm,s31/9.pgm,31,31,1
1858,332,333,s34/3.pgm,s34/4.pgm,34,34,1
1859,142,145,s15/3.pgm,s15/6.pgm,15,15,1
1860,248,260,s25/9.pgm,s27/1.pgm,25,27,0
1861,78,79,s8/9.pgm,s8/10.pgm,8,8,1
1862,57,357,s6/8.pgm,s36/8.pgm,6,36,0
1863,240,318,s25/1.pgm,s32/9.pgm,25,32,0
1864,24,282,s3/5.pgm,s29/3.pgm,3,29,0
1865,23,45,s3/4.pgm,s5/6.pgm,3,5,0
1866,122,126,s13/3.pgm,s13/7.pgm,13,13,1
1867,221,250,s23/2.pgm,s26/1.pgm,23,26,0
1868,27,323,s3/8.pgm,s33/4.pgm,3,33,0
1869,303,305,s31/4.pgm,s31/6.pgm,31,31,1
1870,145,148,s15/6.pgm,s15/9.pgm,15,15,1
1871,63,64,s7/4.pgm,s7/5.pgm,7,7,1
1872,354,359,s36/5.pgm,s36/10.pgm,36,36,1
1873,237,238,s24/8.pgm,s24/9.pgm,24,24,1
1874,254,255,s26/5.pgm,s26/6.pgm,26,26,1
1875,144,148,s15/5.pgm,s15/9.pgm,15,15,1
1876,219,281,s22/10.pgm,s29/2.pgm,22,29,0
1877,55,56,s6/6.pgm,s6/7.pgm,6,6,1
1878,256,323,s26/7.pgm,s33/4.pgm,26,33,0
1879,380,382,s39/1.pgm,s39/3.pgm,39,39,1
1880,287,289,s29/8.pgm,s29/10.pgm,29,29,1
1881,304,305,s31/5.pgm,s31/6.pgm,31,31,1
1882,326,327,s33/7.pgm,s33/8.pgm,33,33,1
1883,329,330,s33/10.pgm,s34/1.pgm,33,34,0
1884,252,259,s26/3.pgm,s26/10.pgm,26,26,1
1885,227,229,s23/8.pgm,s23/10.pgm,23,23,1
1886,54,59,s6/5.pgm,s6/10.pgm,6,6,1
1887,329,350,s33/10.pgm,s36/1.pgm,33,36,0
1888,3,289,s1/4.pgm,s29/10.pgm,1,29,0
1889,116,357,s12/7.pgm,s36/8.pgm,12,36,0
1890,113,119,s12/4.pgm,s12/10.pgm,12,12,1
1891,41,48,s5/2.pgm,s5/9.pgm,5,5,1
1892,260,262,s27/1.pgm,s27/3.pgm,27,27,1
1893,73,76,s8/4.pgm,s8/7.pgm,8,8,1
1894,332,339,s34/3.pgm,s34/10.pgm,34,34,1
1895,133,220,s14/4.pgm,s23/1.pgm,14,23,0
1896,52,126,s6/3.pgm,s13/7.pgm,6,13,0
1897,8,313,s1/9.pgm,s32/4.pgm,1,32,0
1898,47,48,s5/8.pgm,s5/9.pgm,5,5,1
1899,245,248,s25/6.pgm,s25/9.pgm,25,25,1
1900,312,314,s32/3.pgm,s32/5.pgm,32,32,1
1901,71,74,s8/2.pgm,s8/5.pgm,8,8,1
1902,71,341,s8/2.pgm,s35/2.pgm,8,35,0
1903,123,129,s13/4.pgm,s13/10.pgm,13,13,1
1904,307,309,s31/8.pgm,s31/10.pgm,31,31,1
1905,25,129,s3/6.pgm,s13/10.pgm,3,13,0
1906,53,58,s6/4.pgm,s6/9.pgm,6,6,1
1907,268,314,s27/9.pgm,s32/5.pgm,27,32,0
1908,47,357,s5/8.pgm,s36/8.pgm,5,36,0
1909,51,389,s6/2.pgm,s39/10.pgm,6,39,0
1910,343,382,s35/4.pgm,s39/3.pgm,35,39,0
1911,312,348,s32/3.pgm,s35/9.pgm,32,35,0
1912,70,388,s8/1.pgm,s39/9.pgm,8,39,0
1913,300,309,s31/1.pgm,s31/10.pgm,31,31,1
1914,149,247,s15/10.pgm,s25/8.pgm,15,25,0
1915,384,385,s39/5.pgm,s39/6.pgm,39,39,1
1916,288,354,s29/9.pgm,s36/5.pgm,29,36,0
1917,232,238,s24/3.pgm,s24/9.pgm,24,24,1
1918,223,229,s23/4.pgm,s23/10.pgm,23,23,1
1919,320,325,s33/1.pgm,s33/6.pgm,33,33,1
1920,262,263,s27/3.pgm,s27/4.pgm,27,27,1
1921,222,226,s23/3.pgm,s23/7.pgm,23,23,1
1922,68,129,s7/9.pgm,s13/10.pgm,7,13,0
1923,120,382,s13/1.pgm,s39/3.pgm,13,39,0
1924,263,266,s27/4.pgm,s27/7.pgm,27,27,1
1925,339,354,s34/10.pgm,s36/5.pgm,34,36,0
1926,136,217,s14/7.pgm,s22/8.pgm,14,22,0
1927,302,307,s31/3.pgm,s31/8.pgm,31,31,1
1928,241,247,s25/2.pgm,s25/8.pgm,25,25,1
1929,20,233,s3/1.pgm,s24/4.pgm,3,24,0
1930,264,383,s27/5.pgm,s39/4.pgm,27,39,0
1931,69,256,s7/10.pgm,s26/7.pgm,7,26,0
1932,130,136,s14/1.pgm,s14/7.pgm,14,14,1
1933,5,7,s1/6.pgm,s1/8.pgm,1,1,1
1934,382,385,s39/3.pgm,s39/6.pgm,39,39,1
1935,125,266,s13/6.pgm,s27/7.pgm,13,27,0
1936,265,268,s27/6.pgm,s27/9.pgm,27,27,1
1937,253,255,s26/4.pgm,s26/6.pgm,26,26,1
1938,114,286,s12/5.pgm,s29/7.pgm,12,29,0
1939,240,242,s25/1.pgm,s25/3.pgm,25,25,1
1940,251,338,s26/2.pgm,s34/9.pgm,26,34,0
1941,63,123,s7/4.pgm,s13/4.pgm,7,13,0
1942,381,382,s39/2.pgm,s39/3.pgm,39,39,1
1943,124,127,s13/5.pgm,s13/8.pgm,13,13,1
1944,40,49,s5/1.pgm,s5/10.pgm,5,5,1
1945,52,53,s6/3.pgm,s6/4.pgm,6,6,1
1946,44,46,s5/5.pgm,s5/7.pgm,5,5,1
1947,134,136,s14/5.pgm,s14/7.pgm,14,14,1
1948,123,231,s13/4.pgm,s24/2.pgm,13,24,0
1949,301,309,s31/2.pgm,s31/10.pgm,31,31,1
1950,7,9,s1/8.pgm,s1/10.pgm,1,1,1
1951,2,9,s1/3.pgm,s1/10.pgm,1,1,1
1952,124,128,s13/5.pgm,s13/9.pgm,13,13,1
1953,245,246,s25/6.pgm,s25/7.pgm,25,25,1
1954,65,68,s7/6.pgm,s7/9.pgm,7,7,1
1955,1,260,s1/2.pgm,s27/1.pgm,1,27,0
1956,123,125,s13/4.pgm,s13/6.pgm,13,13,1
1957,50,52,s6/1.pgm,s6/3.pgm,6,6,1
1958,215,218,s22/6.pgm,s22/9.pgm,22,22,1
1959,330,332,s34/1.pgm,s34/3.pgm,34,34,1
1960,117,345,s12/8.pgm,s35/6.pgm,12,35,0
1961,324,329,s33/5.pgm,s33/10.pgm,33,33,1
1962,70,141,s8/1.pgm,s15/2.pgm,8,15,0
1963,115,116,s12/6.pgm,s12/7.pgm,12,12,1
1964,142,146,s15/3.pgm,s15/7.pgm,15,15,1
1965,257,338,s26/8.pgm,s34/9.pgm,26,34,0
1966,28,232,s3/9.pgm,s24/3.pgm,3,24,0
1967,114,115,s12/5.pgm,s12/6.pgm,12,12,1
1968,261,317,s27/2.pgm,s32/8.pgm,27,32,0
1969,240,258,s25/1.pgm,s26/9.pgm,25,26,0
1970,260,266,s27/1.pgm,s27/7.pgm,27,27,1
1971,27,28,s3/8.pgm,s3/9.pgm,3,3,1
1972,42,241,s5/3.pgm,s25/2.pgm,5,25,0
1973,333,386,s34/4.pgm,s39/7.pgm,34,39,0
1974,76,231,s8/7.pgm,s24/2.pgm,8,24,0
1975,58,230,s6/9.pgm,s24/1.pgm,6,24,0
1976,6,139,s1/7.pgm,s14/10.pgm,1,14,0
1977,139,226,s14/10.pgm,s23/7.pgm,14,23,0
1978,40,45,s5/1.pgm,s5/6.pgm,5,5,1
1979,252,253,s26/3.pgm,s26/4.pgm,26,26,1
1980,213,214,s22/4.pgm,s22/5.pgm,22,22,1
1981,114,240,s12/5.pgm,s25/1.pgm,12,25,0
1982,212,359,s22/3.pgm,s36/10.pgm,22,36,0
1983,210,213,s22/1.pgm,s22/4.pgm,22,22,1
1984,141,144,s15/2.pgm,s15/5.pgm,15,15,1
1985,308,344,s31/9.pgm,s35/5.pgm,31,35,0
1986,74,77,s8/5.pgm,s8/8.pgm,8,8,1
1987,210,263,s22/1.pgm,s27/4.pgm,22,27,0
1988,120,358,s13/1.pgm,s36/9.pgm,13,36,0
1989,21,258,s3/2.pgm,s26/9.pgm,3,26,0
1990,118,119,s12/9.pgm,s12/10.pgm,12,12,1
1991,283,285,s29/4.pgm,s29/6.pgm,29,29,1
1992,268,359,s27/9.pgm,s36/10.pgm,27,36,0
1993,265,269,s27/6.pgm,s27/10.pgm,27,27,1
1994,133,300,s14/4.pgm,s31/1.pgm,14,31,0
1995,26,27,s3/7.pgm,s3/8.pgm,3,3,1
1996,119,139,s12/10.pgm,s14/10.pgm,12,14,0
1997,49,123,s5/10.pgm,s13/4.pgm,5,13,0
1998,67,336,s7/8.pgm,s34/7.pgm,7,34,0
1999,50,305,s6/1.pgm,s31/6.pgm,6,31,0
2000,112,140,s12/3.pgm,s15/1.pgm,12,15,0
2001,312,313,s32/3.pgm,s32/4.pgm,32,32,1
2002,57,303,s6/8.pgm,s31/4.pgm,6,31,0
2003,44,382,s5/5.pgm,s39/3.pgm,5,39,0
2004,62,117,s7/3.pgm,s12/8.pgm,7,12,0
2005,133,135,s14/4.pgm,s14/6.pgm,14,14,1
2006,120,129,s13/1.pgm,s13/10.pgm,13,13,1
2007,54,389,s6/5.pgm,s39/10.pgm,6,39,0
2008,316,317,s32/7.pgm,s32/8.pgm,32,32,1
2009,20,29,s3/1.pgm,s3/10.pgm,3,3,1
2010,127,135,s13/8.pgm,s14/6.pgm,13,14,0
2011,282,346,s29/3.pgm,s35/7.pgm,29,35,0
2012,75,79,s8/6.pgm,s8/10.pgm,8,8,1
2013,313,317,s32/4.pgm,s32/8.pgm,32,32,1
2014,28,144,s3/9.pgm,s15/5.pgm,3,15,0
2015,21,24,s3/2.pgm,s3/5.pgm,3,3,1
2016,226,227,s23/7.pgm,s23/8.pgm,23,23,1
2017,59,120,s6/10.pgm,s13/1.pgm,6,13,0
2018,48,356,s5/9.pgm,s36/7.pgm,5,36,0
2019,234,347,s24/5.pgm,s35/8.pgm,24,35,0
2020,55,59,s6/6.pgm,s6/10.pgm,6,6,1
2021,120,228,s13/1.pgm,s23/9.pgm,13,23,0
2022,300,307,s31/1.pgm,s31/8.pgm,31,31,1
2023,247,308,s25/8.pgm,s31/9.pgm,25,31,0
2024,222,239,s23/3.pgm,s24/10.pgm,23,24,0
2025,22,287,s3/3.pgm,s29/8.pgm,3,29,0
2026,212,213,s22/3.pgm,s22/4.pgm,22,22,1
2027,322,389,s33/3.pgm,s39/10.pgm,33,39,0
2028,28,29,s3/9.pgm,s3/10.pgm,3,3,1
2029,140,144,s15/1.pgm,s15/5.pgm,15,15,1
2030,23,29,s3/4.pgm,s3/10.pgm,3,3,1
2031,136,210,s14/7.pgm,s22/1.pgm,14,22,0
2032,129,309,s13/10.pgm,s31/10.pgm,13,31,0
2033,269,307,s27/10.pgm,s31/8.pgm,27,31,0
2034,57,59,s6/8.pgm,s6/10.pgm,6,6,1
2035,241,245,s25/2.pgm,s25/6.pgm,25,25,1
2036,3,347,s1/4.pgm,s35/8.pgm,1,35,0
2037,300,305,s31/1.pgm,s31/6.pgm,31,31,1
2038,71,75,s8/2.pgm,s8/6.pgm,8,8,1
2039,227,233,s23/8.pgm,s24/4.pgm,23,24,0
2040,115,117,s12/6.pgm,s12/8.pgm,12,12,1
2041,300,301,s31/1.pgm,s31/2.pgm,31,31,1
2042,110,117,s12/1.pgm,s12/8.pgm,12,12,1
2043,261,353,s27/2.pgm,s36/4.pgm,27,36,0
2044,280,281,s29/1.pgm,s29/2.pgm,29,29,1
2045,78,122,s8/9.pgm,s13/3.pgm,8,13,0
2046,346,389,s35/7.pgm,s39/10.pgm,35,39,0
2047,320,321,s33/1.pgm,s33/2.pgm,33,33,1
2048,1,5,s1/2.pgm,s1/6.pgm,1,1,1
2049,143,147,s15/4.pgm,s15/8.pgm,15,15,1
2050,143,149,s15/4.pgm,s15/10.pgm,15,15,1
2051,215,216,s22/6.pgm,s22/7.pgm,22,22,1
2052,54,357,s6/5.pgm,s36/8.pgm,6,36,0
2053,117,323,s12/8.pgm,s33/4.pgm,12,33,0
2054,72,261,s8/3.pgm,s27/2.pgm,8,27,0
2055,118,149,s12/9.pgm,s15/10.pgm,12,15,0
2056,218,388,s22/9.pgm,s39/9.pgm,22,39,0
2057,335,338,s34/6.pgm,s34/9.pgm,34,34,1
2058,140,148,s15/1.pgm,s15/9.pgm,15,15,1
2059,221,225,s23/2.pgm,s23/6.pgm,23,23,1
2060,229,344,s23/10.pgm,s35/5.pgm,23,35,0
2061,141,265,s15/2.pgm,s27/6.pgm,15,27,0
2062,322,381,s33/3.pgm,s39/2.pgm,33,39,0
2063,62,217,s7/3.pgm,s22/8.pgm,7,22,0
2064,381,389,s39/2.pgm,s39/10.pgm,39,39,1
2065,46,248,s5/7.pgm,s25/9.pgm,5,25,0
2066,325,326,s33/6.pgm,s33/7.pgm,33,33,1
2067,120,122,s13/1.pgm,s13/3.pgm,13,13,1
2068,67,301,s7/8.pgm,s31/2.pgm,7,31,0
2069,223,340,s23/4.pgm,s35/1.pgm,23,35,0
2070,337,339,s34/8.pgm,s34/10.pgm,34,34,1
2071,110,389,s12/1.pgm,s39/10.pgm,12,39,0
2072,120,145,s13/1.pgm,s15/6.pgm,13,15,0
2073,234,235,s24/5.pgm,s24/6.pgm,24,24,1
2074,344,347,s35/5.pgm,s35/8.pgm,35,35,1
2075,221,227,s23/2.pgm,s23/8.pgm,23,23,1
2076,220,229,s23/1.pgm,s23/10.pgm,23,23,1
2077,142,147,s15/3.pgm,s15/8.pgm,15,15,1
2078,248,281,s25/9.pgm,s29/2.pgm,25,29,0
2079,333,338,s34/4.pgm,s34/9.pgm,34,34,1
2080,72,126,s8/3.pgm,s13/7.pgm,8,13,0
2081,112,231,s12/3.pgm,s24/2.pgm,12,24,0
2082,236,308,s24/7.pgm,s31/9.pgm,24,31,0
2083,323,353,s33/4.pgm,s36/4.pgm,33,36,0
2084,22,28,s3/3.pgm,s3/9.pgm,3,3,1
2085,134,135,s14/5.pgm,s14/6.pgm,14,14,1
2086,47,111,s5/8.pgm,s12/2.pgm,5,12,0
2087,1,234,s1/2.pgm,s24/5.pgm,1,24,0
2088,303,307,s31/4.pgm,s31/8.pgm,31,31,1
2089,261,266,s27/2.pgm,s27/7.pgm,27,27,1
2090,70,357,s8/1.pgm,s36/8.pgm,8,36,0
2091,73,231,s8/4.pgm,s24/2.pgm,8,24,0
2092,260,320,s27/1.pgm,s33/1.pgm,27,33,0
2093,4,301,s1/5.pgm,s31/2.pgm,1,31,0
2094,261,325,s27/2.pgm,s33/6.pgm,27,33,0
2095,242,244,s25/3.pgm,s25/5.pgm,25,25,1
2096,322,323,s33/3.pgm,s33/4.pgm,33,33,1
2097,250,258,s26/1.pgm,s26/9.pgm,26,26,1
2098,127,339,s13/8.pgm,s34/10.pgm,13,34,0
2099,330,338,s34/1.pgm,s34/9.pgm,34,34,1
2100,312,317,s32/3.pgm,s32/8.pgm,32,32,1
2101,20,22,s3/1.pgm,s3/3.pgm,3,3,1
2102,221,303,s23/2.pgm,s31/4.pgm,23,31,0
2103,71,79,s8/2.pgm,s8/10.pgm,8,8,1
2104,381,384,s39/2.pgm,s39/5.pgm,39,39,1
2105,132,138,s14/3.pgm,s14/9.pgm,14,14,1
2106,253,339,s26/4.pgm,s34/10.pgm,26,34,0
2107,76,139,s8/7.pgm,s14/10.pgm,8,14,0
2108,240,248,s25/1.pgm,s25/9.pgm,25,25,1
2109,130,234,s14/1.pgm,s24/5.pgm,14,24,0
2110,143,349,s15/4.pgm,s35/10.pgm,15,35,0
2111,244,282,s25/5.pgm,s29/3.pgm,25,29,0
2112,131,137,s14/2.pgm,s14/8.pgm,14,14,1
2113,233,339,s24/4.pgm,s34/10.pgm,24,34,0
2114,114,118,s12/5.pgm,s12/9.pgm,12,12,1
2115,46,342,s5/7.pgm,s35/3.pgm,5,35,0
2116,64,144,s7/5.pgm,s15/5.pgm,7,15,0
2117,110,131,s12/1.pgm,s14/2.pgm,12,14,0
2118,332,342,s34/3.pgm,s35/3.pgm,34,35,0
2119,79,232,s8/10.pgm,s24/3.pgm,8,24,0
2120,253,280,s26/4.pgm,s29/1.pgm,26,29,0
2121,29,227,s3/10.pgm,s23/8.pgm,3,23,0
2122,228,315,s23/9.pgm,s32/6.pgm,23,32,0
2123,233,237,s24/4.pgm,s24/8.pgm,24,24,1
2124,235,238,s24/6.pgm,s24/9.pgm,24,24,1
2125,233,236,s24/4.pgm,s24/7.pgm,24,24,1
2126,308,309,s31/9.pgm,s31/10.pgm,31,31,1
2127,350,351,s36/1.pgm,s36/2.pgm,36,36,1
2128,6,113,s1/7.pgm,s12/4.pgm,1,12,0
2129,230,234,s24/1.pgm,s24/5.pgm,24,24,1
2130,221,223,s23/2.pgm,s23/4.pgm,23,23,1
2131,138,282,s14/9.pgm,s29/3.pgm,14,29,0
2132,351,359,s36/2.pgm,s36/10.pgm,36,36,1
2133,352,354,s36/3.pgm,s36/5.pgm,36,36,1
2134,73,323,s8/4.pgm,s33/4.pgm,8,33,0
2135,240,246,s25/1.pgm,s25/7.pgm,25,25,1
2136,69,250,s7/10.pgm,s26/1.pgm,7,26,0
2137,117,235,s12/8.pgm,s24/6.pgm,12,24,0
2138,250,257,s26/1.pgm,s26/8.pgm,26,26,1
2139,210,218,s22/1.pgm,s22/9.pgm,22,22,1
2140,6,321,s1/7.pgm,s33/2.pgm,1,33,0
2141,22,225,s3/3.pgm,s23/6.pgm,3,23,0
2142,134,255,s14/5.pgm,s26/6.pgm,14,26,0
2143,382,386,s39/3.pgm,s39/7.pgm,39,39,1
2144,254,317,s26/5.pgm,s32/8.pgm,26,32,0
2145,310,316,s32/1.pgm,s32/7.pgm,32,32,1
2146,238,352,s24/9.pgm,s36/3.pgm,24,36,0
2147,131,134,s14/2.pgm,s14/5.pgm,14,14,1
2148,72,255,s8/3.pgm,s26/6.pgm,8,26,0
2149,145,308,s15/6.pgm,s31/9.pgm,15,31,0
2150,74,321,s8/5.pgm,s33/2.pgm,8,33,0
2151,257,258,s26/8.pgm,s26/9.pgm,26,26,1
2152,72,76,s8/3.pgm,s8/7.pgm,8,8,1
2153,20,24,s3/1.pgm,s3/5.pgm,3,3,1
2154,281,283,s29/2.pgm,s29/4.pgm,29,29,1
2155,302,308,s31/3.pgm,s31/9.pgm,31,31,1
2156,40,44,s5/1.pgm,s5/5.pgm,5,5,1
2157,220,227,s23/1.pgm,s23/8.pgm,23,23,1
2158,132,133,s14/3.pgm,s14/4.pgm,14,14,1
2159,302,306,s31/3.pgm,s31/7.pgm,31,31,1
